# C380-221 CERTIFICATE (official, batch 1)
# initial division N0=4 (h=pi/4); bisection: longest edge, tie-break a,b,c
# depth cap 12; outward inflation 1e-12; strict criterion L > 1/2
# a1 a2 b1 b2 c1 c2 witness_q certified_lower_bound
2.748893571891069 3.1415926535897931 2.3561944901923448 3.1415926535897931 2.3561944901923448 3.1415926535897931 2 1.4142135623636798
2.3561944901923448 2.748893571891069 2.748893571891069 3.1415926535897931 2.3561944901923448 3.1415926535897931 2 1.4142135623636798
2.3561944901923448 2.748893571891069 2.3561944901923448 2.748893571891069 2.3561944901923448 3.1415926535897931 5 0.53073372945166697
2.748893571891069 3.1415926535897931 2.748893571891069 3.1415926535897931 1.5707963267948966 2.3561944901923448 2 1.828427124738361
2.748893571891069 3.1415926535897931 2.3561944901923448 2.748893571891069 1.9634954084936207 2.3561944901923448 2 0.7071067811774252
2.9452431127404308 3.1415926535897931 2.3561944901923448 2.748893571891069 1.5707963267948966 1.9634954084936207 2 0.84775906501480702
2.748893571891069 2.9452431127404308 2.5525440310417071 2.748893571891069 1.5707963267948966 1.9634954084936207 2 1.1795804270950123
2.748893571891069 2.9452431127404308 2.454369260617026 2.5525440310417071 1.7671458676442586 1.9634954084936207 2 0.88051467388530591
2.748893571891069 2.9452431127404308 2.3561944901923448 2.454369260617026 1.8653206380689396 1.9634954084936207 2 0.58274395006157897
2.8470683423157501 2.9452431127404308 2.3561944901923448 2.454369260617026 1.7671458676442586 1.8653206380689396 2 0.73905969208530908
2.7979809571034098 2.8470683423157501 2.3561944901923448 2.454369260617026 1.7671458676442586 1.8653206380689396 2 0.62214137420553539
2.748893571891069 2.7979809571034098 2.3561944901923448 2.454369260617026 1.7671458676442586 1.8653206380689396 5 0.71248978460312884
2.748893571891069 2.9452431127404308 2.454369260617026 2.5525440310417071 1.5707963267948966 1.7671458676442586 2 0.80439420639697534
2.748893571891069 2.9452431127404308 2.3561944901923448 2.454369260617026 1.6689710972195777 1.7671458676442586 11 1.0162671225144888
2.8470683423157501 2.9452431127404308 2.3561944901923448 2.454369260617026 1.5707963267948966 1.6689710972195777 2 0.66293922459697852
2.748893571891069 2.8470683423157501 2.3561944901923448 2.454369260617026 1.5707963267948966 1.6689710972195777 5 0.74678254487868589
2.3561944901923448 2.748893571891069 2.748893571891069 3.1415926535897931 1.9634954084936207 2.3561944901923448 2 0.7071067811774252
2.5525440310417071 2.748893571891069 2.748893571891069 3.1415926535897931 1.5707963267948966 1.9634954084936207 2 1.1795804270950123
2.3561944901923448 2.5525440310417071 2.9452431127404308 3.1415926535897931 1.5707963267948966 1.9634954084936207 2 0.84775906501480702
2.454369260617026 2.5525440310417071 2.748893571891069 2.9452431127404308 1.7671458676442586 1.9634954084936207 2 0.88051467388530591
2.3561944901923448 2.454369260617026 2.748893571891069 2.9452431127404308 1.8653206380689396 1.9634954084936207 2 0.58274395006157897
2.3561944901923448 2.454369260617026 2.8470683423157501 2.9452431127404308 1.7671458676442586 1.8653206380689396 2 0.73905969208530908
2.4052818754046852 2.454369260617026 2.748893571891069 2.8470683423157501 1.7671458676442586 1.8653206380689396 2 0.68636831051214064
2.3561944901923448 2.4052818754046852 2.748893571891069 2.8470683423157501 1.7671458676442586 1.8653206380689396 11 1.1533100841973807
2.454369260617026 2.5525440310417071 2.748893571891069 2.9452431127404308 1.5707963267948966 1.7671458676442586 2 0.80439420639697534
2.3561944901923448 2.454369260617026 2.748893571891069 2.9452431127404308 1.6689710972195777 1.7671458676442586 11 1.0162671225144888
2.3561944901923448 2.454369260617026 2.8470683423157501 2.9452431127404308 1.5707963267948966 1.6689710972195777 2 0.66293922459697852
2.3561944901923448 2.454369260617026 2.748893571891069 2.8470683423157501 1.5707963267948966 1.6689710972195777 5 0.74678254487868589
2.3561944901923448 2.748893571891069 2.3561944901923448 2.748893571891069 1.5707963267948966 2.3561944901923448 5 0.53073372945166697
2.748893571891069 3.1415926535897931 2.748893571891069 3.1415926535897931 0.78539816339744828 1.5707963267948966 2 1.828427124738361
2.9452431127404308 3.1415926535897931 2.3561944901923448 2.748893571891069 1.1780972450961724 1.5707963267948966 2 0.84775906501480702
2.748893571891069 2.9452431127404308 2.5525440310417071 2.748893571891069 1.1780972450961724 1.5707963267948966 2 1.1795804270950123
2.748893571891069 2.9452431127404308 2.454369260617026 2.5525440310417071 1.3744467859455345 1.5707963267948966 2 0.80439420639697534
2.8470683423157501 2.9452431127404308 2.3561944901923448 2.454369260617026 1.4726215563702154 1.5707963267948966 2 0.66293922459697852
2.748893571891069 2.8470683423157501 2.3561944901923448 2.454369260617026 1.4726215563702154 1.5707963267948966 5 1.2181792817045656
2.748893571891069 2.9452431127404308 2.3561944901923448 2.454369260617026 1.3744467859455345 1.4726215563702154 5 0.77446983315092877
2.748893571891069 2.9452431127404308 2.3561944901923448 2.5525440310417071 1.1780972450961724 1.3744467859455345 5 1.1345427086278026
2.748893571891069 3.1415926535897931 2.3561944901923448 2.748893571891069 0.78539816339744828 1.1780972450961724 2 0.70710678117742531
2.5525440310417071 2.748893571891069 2.748893571891069 3.1415926535897931 1.1780972450961724 1.5707963267948966 2 1.1795804270950123
2.3561944901923448 2.5525440310417071 2.9452431127404308 3.1415926535897931 1.1780972450961724 1.5707963267948966 2 0.84775906501480702
2.454369260617026 2.5525440310417071 2.748893571891069 2.9452431127404308 1.3744467859455345 1.5707963267948966 2 0.80439420639697534
2.3561944901923448 2.454369260617026 2.8470683423157501 2.9452431127404308 1.4726215563702154 1.5707963267948966 2 0.66293922459697852
2.3561944901923448 2.454369260617026 2.748893571891069 2.8470683423157501 1.4726215563702154 1.5707963267948966 5 1.2181792817045656
2.3561944901923448 2.454369260617026 2.748893571891069 2.9452431127404308 1.3744467859455345 1.4726215563702154 5 0.77446983315092877
2.3561944901923448 2.5525440310417071 2.748893571891069 2.9452431127404308 1.1780972450961724 1.3744467859455345 5 1.1345427086278026
2.3561944901923448 2.748893571891069 2.748893571891069 3.1415926535897931 0.78539816339744828 1.1780972450961724 2 0.70710678117742531
2.3561944901923448 2.748893571891069 2.3561944901923448 2.748893571891069 0.78539816339744828 1.5707963267948966 5 0.8236269482644123
2.748893571891069 3.1415926535897931 2.3561944901923448 3.1415926535897931 0 0.78539816339744828 2 1.41421356236368
2.3561944901923448 2.748893571891069 2.748893571891069 3.1415926535897931 0 0.78539816339744828 2 1.41421356236368
2.3561944901923448 2.748893571891069 2.3561944901923448 2.748893571891069 0 0.78539816339744828 5 0.53073372945166697
2.748893571891069 3.1415926535897931 1.9634954084936207 2.3561944901923448 2.748893571891069 3.1415926535897931 2 0.70710678117801129
2.9452431127404308 3.1415926535897931 2.1598449493429825 2.3561944901923448 2.3561944901923448 2.748893571891069 2 1.0823922002837789
2.9452431127404308 3.1415926535897931 1.9634954084936207 2.1598449493429825 2.3561944901923448 2.748893571891069 6 1.1795804270950065
2.748893571891069 2.9452431127404308 2.1598449493429825 2.3561944901923448 2.3561944901923448 2.748893571891069 2 0.64884669763365166
2.748893571891069 2.9452431127404308 1.9634954084936207 2.1598449493429825 2.5525440310417071 2.748893571891069 9 0.59997727573320414
2.8470683423157501 2.9452431127404308 2.0616701789183018 2.1598449493429825 2.454369260617026 2.5525440310417071 2 0.7468890805732592
2.8470683423157501 2.9452431127404308 2.0125827937059615 2.0616701789183018 2.454369260617026 2.5525440310417071 2 0.58924297828529004
2.8470683423157501 2.9452431127404308 1.9634954084936207 2.0125827937059615 2.5034566458293668 2.5525440310417071 2 0.5390103394779755
2.8470683423157501 2.9452431127404308 1.9634954084936207 2.0125827937059615 2.454369260617026 2.5034566458293668 3 0.5217096938018857
2.748893571891069 2.8470683423157501 1.9634954084936207 2.1598449493429825 2.454369260617026 2.5525440310417071 3 0.77406281870311899
2.748893571891069 2.9452431127404308 1.9634954084936207 2.1598449493429825 2.3561944901923448 2.454369260617026 3 0.65621657723572424
2.9452431127404308 3.1415926535897931 1.5707963267948966 1.9634954084936207 2.748893571891069 3.1415926535897931 2 0.55486584620264778
2.748893571891069 2.9452431127404308 1.7671458676442586 1.9634954084936207 2.9452431127404308 3.1415926535897931 4 0.70710678117683878
2.8470683423157501 2.9452431127404308 1.8653206380689396 1.9634954084936207 2.748893571891069 2.9452431127404308 2 0.70710678117861747
2.748893571891069 2.8470683423157501 1.8653206380689396 1.9634954084936207 2.748893571891069 2.9452431127404308 7 1.5130700163564654
2.748893571891069 2.9452431127404308 1.7671458676442586 1.8653206380689396 2.748893571891069 2.9452431127404308 4 0.76536686472033144
2.748893571891069 2.9452431127404308 1.5707963267948966 1.7671458676442586 2.748893571891069 3.1415926535897931 4 1.4142135623636796
2.9452431127404308 3.1415926535897931 1.7671458676442586 1.9634954084936207 2.5525440310417071 2.748893571891069 4 0.70710678117742498
3.043417883165112 3.1415926535897931 1.7671458676442586 1.9634954084936207 2.3561944901923448 2.5525440310417071 4 0.84775906501480791
2.9452431127404308 3.043417883165112 1.7671458676442586 1.9634954084936207 2.454369260617026 2.5525440310417071 10 0.83146961229329874
2.9452431127404308 3.043417883165112 1.8653206380689396 1.9634954084936207 2.3561944901923448 2.454369260617026 6 0.59997727573318749
2.9452431127404308 3.043417883165112 1.7671458676442586 1.8653206380689396 2.3561944901923448 2.454369260617026 4 1.1795804270950114
2.9452431127404308 3.1415926535897931 1.5707963267948966 1.7671458676442586 2.3561944901923448 2.748893571891069 4 1.8284271247383597
2.748893571891069 2.9452431127404308 1.7671458676442586 1.9634954084936207 2.5525440310417071 2.748893571891069 7 0.9307564537078995
2.8470683423157501 2.9452431127404308 1.9144080232812801 1.9634954084936207 2.5034566458293668 2.5525440310417071 7 0.61816640059142258
2.8961557275280905 2.9452431127404308 1.9144080232812801 1.9634954084936207 2.454369260617026 2.5034566458293668 10 0.69966226794192932
2.8470683423157501 2.8961557275280905 1.9144080232812801 1.9634954084936207 2.454369260617026 2.5034566458293668 3 0.57044482267453134
2.8470683423157501 2.9452431127404308 1.8653206380689396 1.9144080232812801 2.454369260617026 2.5525440310417071 7 0.85492012532279604
2.748893571891069 2.8470683423157501 1.8653206380689396 1.9634954084936207 2.454369260617026 2.5525440310417071 7 1.610143198043017
2.748893571891069 2.9452431127404308 1.7671458676442586 1.8653206380689396 2.454369260617026 2.5525440310417071 7 1.2756447443260082
2.8470683423157501 2.9452431127404308 1.9144080232812801 1.9634954084936207 2.3561944901923448 2.454369260617026 3 0.52391473221343232
2.8470683423157501 2.9452431127404308 1.8653206380689396 1.9144080232812801 2.4052818754046852 2.454369260617026 7 0.52538217222216177
2.8961557275280905 2.9452431127404308 1.8653206380689396 1.9144080232812801 2.3561944901923448 2.4052818754046852 4 0.50132111006283608
2.8470683423157501 2.8961557275280905 1.8653206380689396 1.9144080232812801 2.3561944901923448 2.4052818754046852 3 0.65981796049957309
2.748893571891069 2.8470683423157501 1.8653206380689396 1.9634954084936207 2.3561944901923448 2.454369260617026 3 0.74863107521548478
2.748893571891069 2.9452431127404308 1.7671458676442586 1.8653206380689396 2.3561944901923448 2.454369260617026 7 0.66655510346930757
2.748893571891069 2.9452431127404308 1.5707963267948966 1.7671458676442586 2.5525440310417071 2.748893571891069 4 0.70710678117742587
2.748893571891069 2.9452431127404308 1.6689710972195777 1.7671458676442586 2.454369260617026 2.5525440310417071 7 0.78058878395598486
2.748893571891069 2.9452431127404308 1.5707963267948966 1.6689710972195777 2.454369260617026 2.5525440310417071 4 0.92387953250313748
2.748893571891069 2.9452431127404308 1.6689710972195777 1.7671458676442586 2.3561944901923448 2.454369260617026 11 2.1380214120718963
2.748893571891069 2.9452431127404308 1.5707963267948966 1.6689710972195777 2.3561944901923448 2.454369260617026 4 0.8477590650148068
2.5525440310417071 2.748893571891069 2.1598449493429825 2.3561944901923448 2.748893571891069 3.1415926535897931 2 0.70710678117714376
2.6507188014663878 2.748893571891069 1.9634954084936207 2.1598449493429825 3.043417883165112 3.1415926535897931 2 0.67771218406106637
2.5525440310417071 2.6507188014663878 1.9634954084936207 2.1598449493429825 3.043417883165112 3.1415926535897931 3 0.65172478435569703
2.6507188014663878 2.748893571891069 1.9634954084936207 2.1598449493429825 2.9452431127404308 3.043417883165112 2 0.62080643616893494
2.5525440310417071 2.6507188014663878 1.9634954084936207 2.1598449493429825 2.9452431127404308 3.043417883165112 3 0.69478444862319833
2.6507188014663878 2.748893571891069 1.9634954084936207 2.1598449493429825 2.748893571891069 2.9452431127404308 9 1.5410265412454995
2.5525440310417071 2.6507188014663878 1.9634954084936207 2.1598449493429825 2.748893571891069 2.9452431127404308 3 0.82025517205259735
2.3561944901923448 2.5525440310417071 1.9634954084936207 2.3561944901923448 2.748893571891069 3.1415926535897931 3 0.80439420639697512
2.5525440310417071 2.748893571891069 2.1598449493429825 2.3561944901923448 2.3561944901923448 2.748893571891069 5 0.75786965305327902
2.5525440310417071 2.748893571891069 1.9634954084936207 2.1598449493429825 2.3561944901923448 2.748893571891069 3 0.69970876791876613
2.3561944901923448 2.5525440310417071 1.9634954084936207 2.3561944901923448 2.3561944901923448 2.748893571891069 3 1.4217107740309614
2.5525440310417071 2.748893571891069 1.7671458676442586 1.9634954084936207 2.748893571891069 3.1415926535897931 7 0.87650733076088239
2.5525440310417071 2.748893571891069 1.5707963267948966 1.7671458676442586 2.9452431127404308 3.1415926535897931 4 0.70710678117801196
2.5525440310417071 2.748893571891069 1.5707963267948966 1.7671458676442586 2.748893571891069 2.9452431127404308 7 0.91605014401344365
2.3561944901923448 2.5525440310417071 1.7671458676442586 1.9634954084936207 2.748893571891069 3.1415926535897931 3 0.50132111006283453
2.454369260617026 2.5525440310417071 1.5707963267948966 1.7671458676442586 3.043417883165112 3.1415926535897931 8 0.70710678117684267
2.5034566458293668 2.5525440310417071 1.6689710972195777 1.7671458676442586 2.9452431127404308 3.043417883165112 7 0.98173647476197212
2.454369260617026 2.5034566458293668 1.6689710972195777 1.7671458676442586 2.9452431127404308 3.043417883165112 8 0.76536686472033066
2.454369260617026 2.5525440310417071 1.5707963267948966 1.6689710972195777 2.9452431127404308 3.043417883165112 4 0.70710678117930847
2.3561944901923448 2.454369260617026 1.5707963267948966 1.7671458676442586 2.9452431127404308 3.1415926535897931 8 1.4142135623636829
2.454369260617026 2.5525440310417071 1.6689710972195777 1.7671458676442586 2.748893571891069 2.9452431127404308 7 0.8776619656425364
2.454369260617026 2.5525440310417071 1.5707963267948966 1.6689710972195777 2.8470683423157501 2.9452431127404308 8 0.70710678117742831
2.454369260617026 2.5525440310417071 1.5707963267948966 1.6689710972195777 2.748893571891069 2.8470683423157501 5 0.87307005747452193
2.3561944901923448 2.454369260617026 1.6689710972195777 1.7671458676442586 2.748893571891069 2.9452431127404308 3 0.69189321584914409
2.3561944901923448 2.454369260617026 1.5707963267948966 1.6689710972195777 2.748893571891069 2.9452431127404308 8 1.8284271247383632
2.5525440310417071 2.748893571891069 1.7671458676442586 1.9634954084936207 2.3561944901923448 2.748893571891069 7 1.1694005495736293
2.5525440310417071 2.748893571891069 1.5707963267948966 1.7671458676442586 2.5525440310417071 2.748893571891069 7 1.6667106990493221
2.5525440310417071 2.748893571891069 1.5707963267948966 1.7671458676442586 2.454369260617026 2.5525440310417071 7 1.0131233256999952
2.5525440310417071 2.748893571891069 1.6689710972195777 1.7671458676442586 2.3561944901923448 2.454369260617026 7 1.6728202531710417
2.5525440310417071 2.748893571891069 1.5707963267948966 1.6689710972195777 2.3561944901923448 2.454369260617026 5 0.52968017225541408
2.3561944901923448 2.5525440310417071 1.7671458676442586 1.9634954084936207 2.3561944901923448 2.748893571891069 3 1.1186376776968208
2.454369260617026 2.5525440310417071 1.5707963267948966 1.7671458676442586 2.5525440310417071 2.748893571891069 5 0.63362487921680266
2.3561944901923448 2.454369260617026 1.5707963267948966 1.7671458676442586 2.5525440310417071 2.748893571891069 3 0.56011004127721775
2.3561944901923448 2.5525440310417071 1.5707963267948966 1.7671458676442586 2.3561944901923448 2.5525440310417071 3 0.58527096603844053
2.9452431127404308 3.1415926535897931 1.9634954084936207 2.3561944901923448 1.9634954084936207 2.3561944901923448 6 0.76536686472032944
2.748893571891069 2.9452431127404308 2.1598449493429825 2.3561944901923448 2.1598449493429825 2.3561944901923448 11 1.3506378307687712
2.748893571891069 2.9452431127404308 2.1598449493429825 2.3561944901923448 1.9634954084936207 2.1598449493429825 3 0.67515387027138551
2.748893571891069 2.9452431127404308 1.9634954084936207 2.1598449493429825 1.9634954084936207 2.3561944901923448 3 0.89192662159644875
3.043417883165112 3.1415926535897931 2.1598449493429825 2.3561944901923448 1.7671458676442586 1.9634954084936207 6 1.2802557922309652
2.9452431127404308 3.043417883165112 2.2580197197676637 2.3561944901923448 1.7671458676442586 1.9634954084936207 2 0.53369888847091917
2.9452431127404308 3.043417883165112 2.1598449493429825 2.2580197197676637 1.7671458676442586 1.9634954084936207 6 1.4938238983948555
3.043417883165112 3.1415926535897931 2.1598449493429825 2.3561944901923448 1.5707963267948966 1.7671458676442586 4 0.55486584620264789
2.9452431127404308 3.043417883165112 2.2580197197676637 2.3561944901923448 1.5707963267948966 1.7671458676442586 8 1.4142135623636796
2.9452431127404308 3.043417883165112 2.1598449493429825 2.2580197197676637 1.5707963267948966 1.7671458676442586 6 0.87650733076086995
2.9452431127404308 3.1415926535897931 1.9634954084936207 2.1598449493429825 1.5707963267948966 1.9634954084936207 6 1.1795804270950065
2.748893571891069 2.9452431127404308 2.2580197197676637 2.3561944901923448 1.7671458676442586 1.9634954084936207 11 1.2557008945833479
2.748893571891069 2.9452431127404308 2.1598449493429825 2.2580197197676637 1.7671458676442586 1.9634954084936207 3 0.65647353710333811
2.748893571891069 2.9452431127404308 2.1598449493429825 2.3561944901923448 1.5707963267948966 1.7671458676442586 11 1.1555475087526246
2.748893571891069 2.9452431127404308 1.9634954084936207 2.1598449493429825 1.7671458676442586 1.9634954084936207 3 0.74039007342937846
2.8470683423157501 2.9452431127404308 2.0616701789183018 2.1598449493429825 1.6689710972195777 1.7671458676442586 3 0.5889160134483773
2.8470683423157501 2.9452431127404308 1.9634954084936207 2.0616701789183018 1.6689710972195777 1.7671458676442586 4 0.70710678117714465
2.748893571891069 2.8470683423157501 1.9634954084936207 2.1598449493429825 1.6689710972195777 1.7671458676442586 3 0.86925717394147783
2.8470683423157501 2.9452431127404308 2.0616701789183018 2.1598449493429825 1.5707963267948966 1.6689710972195777 9 1.2801094152659156
2.8470683423157501 2.9452431127404308 1.9634954084936207 2.0616701789183018 1.5707963267948966 1.6689710972195777 4 0.923879532502208
2.748893571891069 2.8470683423157501 1.9634954084936207 2.1598449493429825 1.5707963267948966 1.6689710972195777 3 0.5789724966869717
3.043417883165112 3.1415926535897931 1.7671458676442586 1.9634954084936207 2.1598449493429825 2.3561944901923448 4 0.84775906501480791
2.9452431127404308 3.043417883165112 1.8653206380689396 1.9634954084936207 2.2580197197676637 2.3561944901923448 6 1.155547508752621
2.9452431127404308 3.043417883165112 1.7671458676442586 1.8653206380689396 2.2580197197676637 2.3561944901923448 4 1.1795804270950114
2.9452431127404308 3.043417883165112 1.7671458676442586 1.9634954084936207 2.1598449493429825 2.2580197197676637 6 0.55557023301006991
2.9452431127404308 3.1415926535897931 1.7671458676442586 1.9634954084936207 1.9634954084936207 2.1598449493429825 4 0.70710678117742554
2.9452431127404308 3.1415926535897931 1.5707963267948966 1.7671458676442586 1.9634954084936207 2.3561944901923448 4 1.8284271247383597
2.748893571891069 2.9452431127404308 1.8653206380689396 1.9634954084936207 2.2580197197676637 2.3561944901923448 3 0.59018846329884544
2.748893571891069 2.9452431127404308 1.7671458676442586 1.8653206380689396 2.2580197197676637 2.3561944901923448 11 1.276439365248073
2.748893571891069 2.9452431127404308 1.8653206380689396 1.9634954084936207 2.1598449493429825 2.2580197197676637 3 0.76500294646088851
2.748893571891069 2.9452431127404308 1.7671458676442586 1.8653206380689396 2.1598449493429825 2.2580197197676637 11 0.76442290607737706
2.748893571891069 2.9452431127404308 1.8653206380689396 1.9634954084936207 1.9634954084936207 2.1598449493429825 3 0.80696121462390868
2.748893571891069 2.9452431127404308 1.7671458676442586 1.8653206380689396 1.9634954084936207 2.1598449493429825 7 0.54219227235346112
2.748893571891069 2.9452431127404308 1.5707963267948966 1.7671458676442586 2.1598449493429825 2.3561944901923448 11 0.96045718673647795
2.748893571891069 2.9452431127404308 1.5707963267948966 1.7671458676442586 1.9634954084936207 2.1598449493429825 4 0.70710678117742642
2.9452431127404308 3.1415926535897931 1.5707963267948966 1.9634954084936207 1.5707963267948966 1.9634954084936207 4 1.4142135623636796
2.748893571891069 2.9452431127404308 1.7671458676442586 1.9634954084936207 1.7671458676442586 1.9634954084936207 7 0.75786965305329179
2.748893571891069 2.9452431127404308 1.7671458676442586 1.9634954084936207 1.5707963267948966 1.7671458676442586 4 0.70710678117684
2.748893571891069 2.9452431127404308 1.5707963267948966 1.7671458676442586 1.5707963267948966 1.9634954084936207 4 1.4142135623636805
2.3561944901923448 2.748893571891069 1.9634954084936207 2.3561944901923448 1.5707963267948966 2.3561944901923448 3 0.64884669763365332
2.5525440310417071 2.748893571891069 1.7671458676442586 1.9634954084936207 1.9634954084936207 2.3561944901923448 3 1.0528803824863537
2.5525440310417071 2.748893571891069 1.6689710972195777 1.7671458676442586 2.2580197197676637 2.3561944901923448 3 0.5223092709558248
2.6507188014663878 2.748893571891069 1.5707963267948966 1.6689710972195777 2.2580197197676637 2.3561944901923448 7 0.85257433834251506
2.5525440310417071 2.6507188014663878 1.5707963267948966 1.6689710972195777 2.2580197197676637 2.3561944901923448 3 0.51107250051772957
2.5525440310417071 2.748893571891069 1.6689710972195777 1.7671458676442586 2.1598449493429825 2.2580197197676637 3 0.69712375411786787
2.6507188014663878 2.748893571891069 1.5707963267948966 1.6689710972195777 2.1598449493429825 2.2580197197676637 7 0.84775906501480991
2.5525440310417071 2.6507188014663878 1.5707963267948966 1.6689710972195777 2.1598449493429825 2.2580197197676637 3 0.68588698367977263
2.5525440310417071 2.748893571891069 1.6689710972195777 1.7671458676442586 1.9634954084936207 2.1598449493429825 3 0.73908202228088804
2.5525440310417071 2.748893571891069 1.5707963267948966 1.6689710972195777 1.9634954084936207 2.1598449493429825 12 0.765366864720325
2.3561944901923448 2.5525440310417071 1.5707963267948966 1.9634954084936207 1.9634954084936207 2.3561944901923448 3 1.0972874252091342
2.5525440310417071 2.748893571891069 1.5707963267948966 1.9634954084936207 1.5707963267948966 1.9634954084936207 7 1.1111404660295472
2.3561944901923448 2.5525440310417071 1.7671458676442586 1.9634954084936207 1.5707963267948966 1.9634954084936207 3 1.5013211100618344
2.3561944901923448 2.5525440310417071 1.5707963267948966 1.7671458676442586 1.7671458676442586 1.9634954084936207 3 0.94575087704206384
2.454369260617026 2.5525440310417071 1.6689710972195777 1.7671458676442586 1.5707963267948966 1.7671458676442586 3 0.97074999853130561
2.454369260617026 2.5525440310417071 1.5707963267948966 1.6689710972195777 1.5707963267948966 1.7671458676442586 4 0.7071067811793097
2.3561944901923448 2.454369260617026 1.5707963267948966 1.7671458676442586 1.5707963267948966 1.7671458676442586 3 0.94279347364223121
3.043417883165112 3.1415926535897931 2.1598449493429825 2.3561944901923448 1.3744467859455345 1.5707963267948966 4 0.55486584620264756
2.9452431127404308 3.043417883165112 2.2580197197676637 2.3561944901923448 1.3744467859455345 1.5707963267948966 8 1.4142135623636785
2.9452431127404308 3.043417883165112 2.1598449493429825 2.2580197197676637 1.3744467859455345 1.5707963267948966 6 0.87650733076086995
3.043417883165112 3.1415926535897931 2.1598449493429825 2.3561944901923448 1.1780972450961724 1.3744467859455345 6 1.2802557922309659
2.9452431127404308 3.043417883165112 2.2580197197676637 2.3561944901923448 1.1780972450961724 1.3744467859455345 2 0.53369888847091929
2.9452431127404308 3.043417883165112 2.1598449493429825 2.2580197197676637 1.1780972450961724 1.3744467859455345 6 1.4938238983948562
2.9452431127404308 3.1415926535897931 1.9634954084936207 2.1598449493429825 1.1780972450961724 1.5707963267948966 6 1.1795804270950065
2.748893571891069 2.9452431127404308 2.2580197197676637 2.3561944901923448 1.3744467859455345 1.5707963267948966 11 1.1795804270950168
2.748893571891069 2.9452431127404308 2.1598449493429825 2.2580197197676637 1.3744467859455345 1.5707963267948966 9 0.58621492468144165
2.748893571891069 2.9452431127404308 2.2580197197676637 2.3561944901923448 1.1780972450961724 1.3744467859455345 11 1.3481108147919163
2.748893571891069 2.9452431127404308 2.1598449493429825 2.2580197197676637 1.2762720155208536 1.3744467859455345 9 1.0576116615075566
2.748893571891069 2.9452431127404308 2.1598449493429825 2.2580197197676637 1.1780972450961724 1.2762720155208536 11 1.2535646490821892
2.748893571891069 2.9452431127404308 1.9634954084936207 2.1598449493429825 1.1780972450961724 1.5707963267948966 9 0.77286407638762245
2.9452431127404308 3.1415926535897931 1.9634954084936207 2.3561944901923448 0.78539816339744828 1.1780972450961724 6 0.76536686472032867
2.748893571891069 2.9452431127404308 2.1598449493429825 2.3561944901923448 0.98174770424681035 1.1780972450961724 11 0.96045718673651648
2.748893571891069 2.9452431127404308 2.2580197197676637 2.3561944901923448 0.78539816339744828 0.98174770424681035 2 0.64134948596644792
2.8470683423157501 2.9452431127404308 2.1598449493429825 2.2580197197676637 0.88357293382212931 0.98174770424681035 2 0.51488892750093695
2.748893571891069 2.8470683423157501 2.1598449493429825 2.2580197197676637 0.88357293382212931 0.98174770424681035 9 1.128407197044806
2.8470683423157501 2.9452431127404308 2.1598449493429825 2.2580197197676637 0.78539816339744828 0.88357293382212931 2 0.70248203784984153
2.748893571891069 2.8470683423157501 2.1598449493429825 2.2580197197676637 0.78539816339744828 0.88357293382212931 9 1.8618596690173514
2.748893571891069 2.9452431127404308 1.9634954084936207 2.1598449493429825 0.98174770424681035 1.1780972450961724 6 0.70710678117801296
2.748893571891069 2.9452431127404308 1.9634954084936207 2.1598449493429825 0.88357293382212931 0.98174770424681035 6 0.55557023301094266
2.748893571891069 2.9452431127404308 1.9634954084936207 2.1598449493429825 0.78539816339744828 0.88357293382212931 9 1.0575303684230817
2.9452431127404308 3.1415926535897931 1.5707963267948966 1.9634954084936207 1.1780972450961724 1.5707963267948966 4 1.4142135623636791
2.748893571891069 2.9452431127404308 1.7671458676442586 1.9634954084936207 1.3744467859455345 1.5707963267948966 4 0.70710678117683967
2.8470683423157501 2.9452431127404308 1.8653206380689396 1.9634954084936207 1.2762720155208536 1.3744467859455345 4 1.148050297085498
2.748893571891069 2.8470683423157501 1.8653206380689396 1.9634954084936207 1.2762720155208536 1.3744467859455345 7 0.70816033837356951
2.8470683423157501 2.9452431127404308 1.8653206380689396 1.9634954084936207 1.1780972450961724 1.2762720155208536 4 0.76536686472033177
2.748893571891069 2.8470683423157501 1.8653206380689396 1.9634954084936207 1.1780972450961724 1.2762720155208536 7 0.8262390740247425
2.748893571891069 2.9452431127404308 1.7671458676442586 1.8653206380689396 1.1780972450961724 1.3744467859455345 4 0.76536686472033166
2.748893571891069 2.9452431127404308 1.5707963267948966 1.7671458676442586 1.1780972450961724 1.5707963267948966 4 1.41421356236368
2.9452431127404308 3.1415926535897931 1.7671458676442586 1.9634954084936207 0.98174770424681035 1.1780972450961724 4 0.70710678117742454
3.043417883165112 3.1415926535897931 1.7671458676442586 1.9634954084936207 0.78539816339744828 0.98174770424681035 4 0.84775906501480791
2.9452431127404308 3.043417883165112 1.8653206380689396 1.9634954084936207 0.78539816339744828 0.98174770424681035 6 1.1555475087526204
2.9452431127404308 3.043417883165112 1.7671458676442586 1.8653206380689396 0.78539816339744828 0.98174770424681035 4 1.1795804270950114
2.9452431127404308 3.1415926535897931 1.5707963267948966 1.7671458676442586 0.78539816339744828 1.1780972450961724 4 1.8284271247383597
2.8470683423157501 2.9452431127404308 1.8653206380689396 1.9634954084936207 1.0799224746714913 1.1780972450961724 6 0.70710678117691494
2.748893571891069 2.8470683423157501 1.8653206380689396 1.9634954084936207 1.0799224746714913 1.1780972450961724 7 1.3254769060075557
2.748893571891069 2.9452431127404308 1.8653206380689396 1.9634954084936207 0.98174770424681035 1.0799224746714913 7 0.66547089794263148
2.748893571891069 2.9452431127404308 1.7671458676442586 1.8653206380689396 0.98174770424681035 1.1780972450961724 7 0.99097845229054693
2.748893571891069 2.9452431127404308 1.7671458676442586 1.9634954084936207 0.78539816339744828 0.98174770424681035 7 1.0822930018749655
2.748893571891069 2.9452431127404308 1.5707963267948966 1.7671458676442586 0.98174770424681035 1.1780972450961724 4 0.70710678117742543
2.748893571891069 2.9452431127404308 1.6689710972195777 1.7671458676442586 0.78539816339744828 0.98174770424681035 7 1.5857127054723779
2.748893571891069 2.9452431127404308 1.5707963267948966 1.6689710972195777 0.78539816339744828 0.98174770424681035 4 0.8477590650148068
2.5525440310417071 2.748893571891069 2.2580197197676637 2.3561944901923448 1.3744467859455345 1.5707963267948966 5 1.3459362192293418
2.5525440310417071 2.748893571891069 2.1598449493429825 2.2580197197676637 1.4726215563702154 1.5707963267948966 3 0.70819098670331948
2.5525440310417071 2.748893571891069 2.1598449493429825 2.2580197197676637 1.3744467859455345 1.4726215563702154 5 0.8465829575142283
2.5525440310417071 2.748893571891069 2.1598449493429825 2.3561944901923448 1.1780972450961724 1.3744467859455345 5 1.2066558329911021
2.5525440310417071 2.748893571891069 1.9634954084936207 2.1598449493429825 1.3744467859455345 1.5707963267948966 3 0.52682196726434627
2.6507188014663878 2.748893571891069 1.9634954084936207 2.1598449493429825 1.2762720155208536 1.3744467859455345 9 1.8173329560554636
2.5525440310417071 2.6507188014663878 1.9634954084936207 2.1598449493429825 1.2762720155208536 1.3744467859455345 3 0.87871433099232588
2.6507188014663878 2.748893571891069 1.9634954084936207 2.1598449493429825 1.1780972450961724 1.2762720155208536 9 0.96325278686433369
2.5525440310417071 2.6507188014663878 1.9634954084936207 2.1598449493429825 1.1780972450961724 1.2762720155208536 3 0.7278452518440276
2.3561944901923448 2.5525440310417071 1.9634954084936207 2.3561944901923448 1.1780972450961724 1.5707963267948966 3 0.88051467388530569
2.5525440310417071 2.748893571891069 2.1598449493429825 2.3561944901923448 0.98174770424681035 1.1780972450961724 5 0.57027654270425965
2.5525440310417071 2.748893571891069 2.2580197197676637 2.3561944901923448 0.78539816339744828 0.98174770424681035 5 0.63882943804308678
2.6507188014663878 2.748893571891069 2.1598449493429825 2.2580197197676637 0.88357293382212931 0.98174770424681035 7 0.67922867731880077
2.5525440310417071 2.6507188014663878 2.1598449493429825 2.2580197197676637 0.88357293382212931 0.98174770424681035 3 0.5870229676262313
2.6507188014663878 2.748893571891069 2.1598449493429825 2.2580197197676637 0.78539816339744828 0.88357293382212931 7 0.55486584620265111
2.5525440310417071 2.6507188014663878 2.1598449493429825 2.2580197197676637 0.78539816339744828 0.88357293382212931 3 0.68588698368083045
2.6507188014663878 2.748893571891069 2.0616701789183018 2.1598449493429825 1.0799224746714913 1.1780972450961724 6 0.59329528539579846
2.6507188014663878 2.748893571891069 1.9634954084936207 2.0616701789183018 1.0799224746714913 1.1780972450961724 7 0.88450627813995797
2.5525440310417071 2.6507188014663878 1.9634954084936207 2.1598449493429825 1.0799224746714913 1.1780972450961724 3 0.65654005768340218
2.5525440310417071 2.748893571891069 1.9634954084936207 2.1598449493429825 0.98174770424681035 1.0799224746714913 12 0.70710678117683268
2.6507188014663878 2.748893571891069 1.9634954084936207 2.1598449493429825 0.88357293382212931 0.98174770424681035 7 1.0162894527126016
2.5525440310417071 2.6507188014663878 1.9634954084936207 2.1598449493429825 0.88357293382212931 0.98174770424681035 3 0.67093950395227164
2.6507188014663878 2.748893571891069 1.9634954084936207 2.1598449493429825 0.78539816339744828 0.88357293382212931 7 0.89192662159645197
2.5525440310417071 2.6507188014663878 1.9634954084936207 2.1598449493429825 0.78539816339744828 0.88357293382212931 3 0.7698035200068708
2.3561944901923448 2.5525440310417071 1.9634954084936207 2.3561944901923448 0.78539816339744828 1.1780972450961724 3 0.80439420639697512
2.5525440310417071 2.748893571891069 1.7671458676442586 1.9634954084936207 1.1780972450961724 1.5707963267948966 7 0.87650733076088239
2.5525440310417071 2.748893571891069 1.5707963267948966 1.7671458676442586 1.3744467859455345 1.5707963267948966 4 0.70710678117801284
2.5525440310417071 2.748893571891069 1.6689710972195777 1.7671458676442586 1.1780972450961724 1.3744467859455345 7 1.3799270343582948
2.5525440310417071 2.748893571891069 1.5707963267948966 1.6689710972195777 1.1780972450961724 1.3744467859455345 5 0.65404300337156462
2.3561944901923448 2.5525440310417071 1.7671458676442586 1.9634954084936207 1.1780972450961724 1.5707963267948966 3 0.5774415775511651
2.454369260617026 2.5525440310417071 1.6689710972195777 1.7671458676442586 1.4726215563702154 1.5707963267948966 3 0.68046532127688564
2.454369260617026 2.5525440310417071 1.6689710972195777 1.7671458676442586 1.3744467859455345 1.4726215563702154 5 0.72233818367775204
2.454369260617026 2.5525440310417071 1.5707963267948966 1.6689710972195777 1.3744467859455345 1.5707963267948966 4 0.70710678117930936
2.3561944901923448 2.454369260617026 1.5707963267948966 1.7671458676442586 1.3744467859455345 1.5707963267948966 8 1.4142135623636833
2.3561944901923448 2.5525440310417071 1.5707963267948966 1.7671458676442586 1.1780972450961724 1.3744467859455345 5 0.58274395006246715
2.5525440310417071 2.748893571891069 1.5707963267948966 1.9634954084936207 0.78539816339744828 1.1780972450961724 7 0.72845703366453396
2.3561944901923448 2.5525440310417071 1.7671458676442586 1.9634954084936207 0.78539816339744828 1.1780972450961724 3 0.50132111006283453
2.454369260617026 2.5525440310417071 1.6689710972195777 1.7671458676442586 0.98174770424681035 1.1780972450961724 7 0.69006885529362672
2.454369260617026 2.5525440310417071 1.5707963267948966 1.6689710972195777 0.98174770424681035 1.1780972450961724 5 1.166177519820226
2.3561944901923448 2.454369260617026 1.6689710972195777 1.7671458676442586 0.98174770424681035 1.1780972450961724 3 0.52336282815224378
2.3561944901923448 2.454369260617026 1.5707963267948966 1.6689710972195777 0.98174770424681035 1.1780972450961724 5 0.66651041072806738
2.454369260617026 2.5525440310417071 1.5707963267948966 1.7671458676442586 0.78539816339744828 0.98174770424681035 7 0.5110725005177339
2.3561944901923448 2.454369260617026 1.5707963267948966 1.7671458676442586 0.78539816339744828 0.98174770424681035 8 1.4142135623636842
2.9452431127404308 3.1415926535897931 2.1598449493429825 2.3561944901923448 0.39269908169872414 0.78539816339744828 2 1.0823922002837791
2.9452431127404308 3.1415926535897931 1.9634954084936207 2.1598449493429825 0.39269908169872414 0.78539816339744828 6 1.1795804270950065
2.748893571891069 2.9452431127404308 2.1598449493429825 2.3561944901923448 0.39269908169872414 0.78539816339744828 2 0.64884669763365188
2.748893571891069 2.9452431127404308 1.9634954084936207 2.1598449493429825 0.58904862254808621 0.78539816339744828 9 1.7111177417724073
2.748893571891069 2.9452431127404308 1.9634954084936207 2.1598449493429825 0.49087385212340517 0.58904862254808621 9 0.86526283149821759
2.748893571891069 2.9452431127404308 1.9634954084936207 2.1598449493429825 0.39269908169872414 0.49087385212340517 2 0.55557023301094188
2.748893571891069 3.1415926535897931 1.9634954084936207 2.3561944901923448 0 0.39269908169872414 2 0.70710678117801151
3.043417883165112 3.1415926535897931 1.7671458676442586 1.9634954084936207 0.58904862254808621 0.78539816339744828 4 0.84775906501480791
2.9452431127404308 3.043417883165112 1.8653206380689396 1.9634954084936207 0.58904862254808621 0.78539816339744828 10 0.64884669763365621
2.9452431127404308 3.043417883165112 1.7671458676442586 1.8653206380689396 0.58904862254808621 0.78539816339744828 4 1.1795804270950114
2.9452431127404308 3.1415926535897931 1.7671458676442586 1.9634954084936207 0.39269908169872414 0.58904862254808621 4 0.70710678117742465
2.9452431127404308 3.1415926535897931 1.5707963267948966 1.7671458676442586 0.39269908169872414 0.78539816339744828 4 1.8284271247383597
2.8470683423157501 2.9452431127404308 1.9144080232812801 1.9634954084936207 0.68722339297276724 0.78539816339744828 9 0.99915207655431182
2.8470683423157501 2.9452431127404308 1.8653206380689396 1.9144080232812801 0.68722339297276724 0.78539816339744828 7 1.0509544059819136
2.748893571891069 2.8470683423157501 1.8653206380689396 1.9634954084936207 0.68722339297276724 0.78539816339744828 7 1.8061774787021343
2.8470683423157501 2.9452431127404308 1.9144080232812801 1.9634954084936207 0.58904862254808621 0.68722339297276724 9 0.84761552838724152
2.8470683423157501 2.9452431127404308 1.8653206380689396 1.9144080232812801 0.58904862254808621 0.68722339297276724 10 0.78377972295397957
2.748893571891069 2.8470683423157501 1.8653206380689396 1.9634954084936207 0.58904862254808621 0.68722339297276724 7 1.152590105353136
2.748893571891069 2.9452431127404308 1.7671458676442586 1.8653206380689396 0.58904862254808621 0.78539816339744828 7 0.81809165163612707
2.8961557275280905 2.9452431127404308 1.9144080232812801 1.9634954084936207 0.53996123733574564 0.58904862254808621 2 0.60050505432818957
2.8470683423157501 2.8961557275280905 1.9144080232812801 1.9634954084936207 0.53996123733574564 0.58904862254808621 9 1.2399937347758074
2.8470683423157501 2.9452431127404308 1.9144080232812801 1.9634954084936207 0.49087385212340517 0.53996123733574564 2 0.5883150546973519
2.8470683423157501 2.9452431127404308 1.8653206380689396 1.9144080232812801 0.49087385212340517 0.58904862254808621 11 0.55413514120895313
2.748893571891069 2.8470683423157501 1.8653206380689396 1.9634954084936207 0.49087385212340517 0.58904862254808621 7 0.75122000264107036
2.8470683423157501 2.9452431127404308 1.8653206380689396 1.9634954084936207 0.39269908169872414 0.49087385212340517 2 0.55557023301154806
2.748893571891069 2.8470683423157501 1.8653206380689396 1.9634954084936207 0.39269908169872414 0.49087385212340517 7 0.70816033837356951
2.748893571891069 2.9452431127404308 1.7671458676442586 1.8653206380689396 0.49087385212340517 0.58904862254808621 11 1.2037258682251037
2.8470683423157501 2.9452431127404308 1.7671458676442586 1.8653206380689396 0.39269908169872414 0.49087385212340517 4 1.148050297085651
2.748893571891069 2.8470683423157501 1.7671458676442586 1.8653206380689396 0.39269908169872414 0.49087385212340517 7 1.7066360023410052
2.748893571891069 2.9452431127404308 1.6689710972195777 1.7671458676442586 0.58904862254808621 0.78539816339744828 11 1.7211993081400601
2.748893571891069 2.9452431127404308 1.5707963267948966 1.6689710972195777 0.58904862254808621 0.78539816339744828 4 0.8477590650148068
2.748893571891069 2.9452431127404308 1.5707963267948966 1.7671458676442586 0.39269908169872414 0.58904862254808621 4 0.70710678117742554
2.9452431127404308 3.1415926535897931 1.5707963267948966 1.9634954084936207 0 0.39269908169872414 2 0.55486584620264801
2.8470683423157501 2.9452431127404308 1.8653206380689396 1.9634954084936207 0.2945243112740431 0.39269908169872414 2 0.70710678117861769
2.748893571891069 2.8470683423157501 1.8653206380689396 1.9634954084936207 0.2945243112740431 0.39269908169872414 3 0.65991777075453451
2.748893571891069 2.9452431127404308 1.8653206380689396 1.9634954084936207 0.19634954084936207 0.2945243112740431 2 0.58274395006246826
2.748893571891069 2.9452431127404308 1.7671458676442586 1.8653206380689396 0.19634954084936207 0.39269908169872414 4 0.76536686472033189
2.748893571891069 2.9452431127404308 1.7671458676442586 1.9634954084936207 0 0.19634954084936207 4 0.70710678117683989
2.748893571891069 2.9452431127404308 1.5707963267948966 1.7671458676442586 0 0.39269908169872414 4 1.4142135623636802
2.6507188014663878 2.748893571891069 2.2580197197676637 2.3561944901923448 0.68722339297276724 0.78539816339744828 2 0.72095982199732156
2.5525440310417071 2.6507188014663878 2.2580197197676637 2.3561944901923448 0.68722339297276724 0.78539816339744828 3 0.51107250051831599
2.5525440310417071 2.748893571891069 2.2580197197676637 2.3561944901923448 0.58904862254808621 0.68722339297276724 2 0.57027654270426043
2.6507188014663878 2.748893571891069 2.1598449493429825 2.2580197197676637 0.68722339297276724 0.78539816339744828 9 1.483710416344993
2.5525440310417071 2.6507188014663878 2.1598449493429825 2.2580197197676637 0.68722339297276724 0.78539816339744828 3 0.86070146684240212
2.5525440310417071 2.748893571891069 2.1598449493429825 2.2580197197676637 0.58904862254808621 0.68722339297276724 3 0.52707892713186011
2.5525440310417071 2.748893571891069 2.2580197197676637 2.3561944901923448 0.39269908169872414 0.58904862254808621 2 0.75786965305327891
2.5525440310417071 2.748893571891069 2.1598449493429825 2.2580197197676637 0.39269908169872414 0.58904862254808621 3 0.80338534194163069
2.6507188014663878 2.748893571891069 1.9634954084936207 2.1598449493429825 0.68722339297276724 0.78539816339744828 9 2.0530430004161886
2.5525440310417071 2.6507188014663878 1.9634954084936207 2.1598449493429825 0.68722339297276724 0.78539816339744828 3 0.94461800316844247
2.5525440310417071 2.748893571891069 1.9634954084936207 2.1598449493429825 0.58904862254808621 0.68722339297276724 3 0.61099546345790035
2.5525440310417071 2.748893571891069 1.9634954084936207 2.1598449493429825 0.39269908169872414 0.58904862254808621 3 0.88730187826767093
2.3561944901923448 2.5525440310417071 1.9634954084936207 2.3561944901923448 0.39269908169872414 0.78539816339744828 3 1.0972874252097204
2.3561944901923448 2.748893571891069 1.9634954084936207 2.3561944901923448 0 0.39269908169872414 3 1.0315301299988195
2.5525440310417071 2.748893571891069 1.7671458676442586 1.9634954084936207 0.39269908169872414 0.78539816339744828 7 0.87650733076088239
2.5525440310417071 2.748893571891069 1.5707963267948966 1.7671458676442586 0.58904862254808621 0.78539816339744828 7 0.5555702330101141
2.5525440310417071 2.748893571891069 1.6689710972195777 1.7671458676442586 0.39269908169872414 0.58904862254808621 7 1.3799270343582948
2.5525440310417071 2.748893571891069 1.5707963267948966 1.6689710972195777 0.39269908169872414 0.58904862254808621 12 0.76536686472032567
2.3561944901923448 2.5525440310417071 1.7671458676442586 1.9634954084936207 0.39269908169872414 0.78539816339744828 3 0.79421432887557997
2.454369260617026 2.5525440310417071 1.6689710972195777 1.7671458676442586 0.58904862254808621 0.78539816339744828 7 0.51718205463920686
2.454369260617026 2.5525440310417071 1.5707963267948966 1.6689710972195777 0.58904862254808621 0.78539816339744828 8 1.4142135623636816
2.3561944901923448 2.454369260617026 1.5707963267948966 1.7671458676442586 0.58904862254808621 0.78539816339744828 8 1.4142135623636838
2.454369260617026 2.5525440310417071 1.6689710972195777 1.7671458676442586 0.39269908169872414 0.58904862254808621 3 0.77565967651519685
2.454369260617026 2.5525440310417071 1.5707963267948966 1.6689710972195777 0.49087385212340517 0.58904862254808621 8 0.70710678117742698
2.5034566458293668 2.5525440310417071 1.5707963267948966 1.6689710972195777 0.39269908169872414 0.49087385212340517 12 1.1555475087526355
2.454369260617026 2.5034566458293668 1.5707963267948966 1.6689710972195777 0.39269908169872414 0.49087385212340517 3 0.77179684710412011
2.3561944901923448 2.454369260617026 1.5707963267948966 1.7671458676442586 0.39269908169872414 0.58904862254808621 3 0.74770315162612244
2.5525440310417071 2.748893571891069 1.7671458676442586 1.9634954084936207 0 0.39269908169872414 3 0.72845703366467895
2.5525440310417071 2.748893571891069 1.6689710972195777 1.7671458676442586 0.19634954084936207 0.39269908169872414 7 1.4560475018466255
2.6507188014663878 2.748893571891069 1.5707963267948966 1.6689710972195777 0.2945243112740431 0.39269908169872414 4 1.0823922002837789
2.5525440310417071 2.6507188014663878 1.5707963267948966 1.6689710972195777 0.2945243112740431 0.39269908169872414 12 1.2557008945833465
2.5525440310417071 2.748893571891069 1.5707963267948966 1.6689710972195777 0.19634954084936207 0.2945243112740431 4 0.8162289350064651
2.5525440310417071 2.748893571891069 1.5707963267948966 1.7671458676442586 0 0.19634954084936207 4 0.70710678117801307
2.3561944901923448 2.5525440310417071 1.5707963267948966 1.9634954084936207 0 0.39269908169872414 3 0.77286407638745946
2.9452431127404308 3.1415926535897931 1.1780972450961724 1.5707963267948966 2.748893571891069 3.1415926535897931 2 0.55486584620264778
2.748893571891069 2.9452431127404308 1.3744467859455345 1.5707963267948966 2.748893571891069 3.1415926535897931 4 1.4142135623636789
2.748893571891069 2.9452431127404308 1.1780972450961724 1.3744467859455345 2.9452431127404308 3.1415926535897931 4 0.70710678117683778
2.748893571891069 2.9452431127404308 1.2762720155208536 1.3744467859455345 2.748893571891069 2.9452431127404308 4 0.76536686472033055
2.748893571891069 2.9452431127404308 1.1780972450961724 1.2762720155208536 2.748893571891069 2.9452431127404308 11 1.344084577744628
2.9452431127404308 3.1415926535897931 1.3744467859455345 1.5707963267948966 2.3561944901923448 2.748893571891069 4 1.8284271247383592
2.9452431127404308 3.1415926535897931 1.1780972450961724 1.3744467859455345 2.5525440310417071 2.748893571891069 4 0.70710678117742387
3.043417883165112 3.1415926535897931 1.1780972450961724 1.3744467859455345 2.3561944901923448 2.5525440310417071 4 0.8477590650148068
2.9452431127404308 3.043417883165112 1.1780972450961724 1.3744467859455345 2.3561944901923448 2.5525440310417071 5 0.60620347708716704
2.748893571891069 2.9452431127404308 1.3744467859455345 1.5707963267948966 2.5525440310417071 2.748893571891069 4 0.7071067811774252
2.748893571891069 2.9452431127404308 1.4726215563702154 1.5707963267948966 2.454369260617026 2.5525440310417071 4 0.92387953250313726
2.748893571891069 2.9452431127404308 1.3744467859455345 1.4726215563702154 2.454369260617026 2.5525440310417071 5 0.78859334333628472
2.748893571891069 2.9452431127404308 1.4726215563702154 1.5707963267948966 2.3561944901923448 2.454369260617026 4 0.84775906501480658
2.748893571891069 2.9452431127404308 1.3744467859455345 1.4726215563702154 2.3561944901923448 2.454369260617026 5 0.53875978879020536
2.748893571891069 2.9452431127404308 1.1780972450961724 1.3744467859455345 2.3561944901923448 2.748893571891069 5 0.93448219092228046
2.748893571891069 3.1415926535897931 0.78539816339744828 1.1780972450961724 2.748893571891069 3.1415926535897931 2 0.70710678117801151
2.9452431127404308 3.1415926535897931 0.98174770424681035 1.1780972450961724 2.3561944901923448 2.748893571891069 6 1.1795804270950092
2.9452431127404308 3.1415926535897931 0.78539816339744828 0.98174770424681035 2.3561944901923448 2.748893571891069 2 1.0823922002837802
2.748893571891069 2.9452431127404308 1.0799224746714913 1.1780972450961724 2.5525440310417071 2.748893571891069 5 0.54032953464404421
2.748893571891069 2.9452431127404308 0.98174770424681035 1.0799224746714913 2.5525440310417071 2.748893571891069 2 0.68575652868997961
2.748893571891069 2.9452431127404308 1.0799224746714913 1.1780972450961724 2.454369260617026 2.5525440310417071 5 1.1145864380117962
2.8470683423157501 2.9452431127404308 0.98174770424681035 1.0799224746714913 2.454369260617026 2.5525440310417071 2 0.74688908057325964
2.748893571891069 2.8470683423157501 0.98174770424681035 1.0799224746714913 2.454369260617026 2.5525440310417071 5 1.1510866990961
2.748893571891069 2.9452431127404308 1.0799224746714913 1.1780972450961724 2.3561944901923448 2.454369260617026 5 0.86475288346571688
2.8470683423157501 2.9452431127404308 0.98174770424681035 1.0799224746714913 2.3561944901923448 2.454369260617026 2 0.55179875855711191
2.748893571891069 2.8470683423157501 0.98174770424681035 1.0799224746714913 2.3561944901923448 2.454369260617026 5 0.9012531445500207
2.748893571891069 2.9452431127404308 0.78539816339744828 0.98174770424681035 2.3561944901923448 2.748893571891069 2 0.64884669763365299
2.5525440310417071 2.748893571891069 1.3744467859455345 1.5707963267948966 2.9452431127404308 3.1415926535897931 4 0.70710678117801129
2.6507188014663878 2.748893571891069 1.4726215563702154 1.5707963267948966 2.748893571891069 2.9452431127404308 4 1.082392200283778
2.5525440310417071 2.6507188014663878 1.4726215563702154 1.5707963267948966 2.748893571891069 2.9452431127404308 5 0.99045067369677386
2.5525440310417071 2.748893571891069 1.3744467859455345 1.4726215563702154 2.748893571891069 2.9452431127404308 5 1.1525901053531324
2.5525440310417071 2.748893571891069 1.1780972450961724 1.3744467859455345 2.748893571891069 3.1415926535897931 5 1.4283060893273132
2.454369260617026 2.5525440310417071 1.3744467859455345 1.5707963267948966 2.9452431127404308 3.1415926535897931 5 0.91388067145683793
2.3561944901923448 2.454369260617026 1.3744467859455345 1.5707963267948966 2.9452431127404308 3.1415926535897931 8 1.4142135623636809
2.3561944901923448 2.5525440310417071 1.3744467859455345 1.5707963267948966 2.748893571891069 2.9452431127404308 5 0.85864332934424625
2.3561944901923448 2.5525440310417071 1.1780972450961724 1.3744467859455345 2.748893571891069 3.1415926535897931 5 2.0771527869706583
2.3561944901923448 2.748893571891069 1.1780972450961724 1.5707963267948966 2.3561944901923448 2.748893571891069 5 1.1480502970855007
2.5525440310417071 2.748893571891069 1.0799224746714913 1.1780972450961724 3.043417883165112 3.1415926535897931 5 1.0341534330490769
2.5525440310417071 2.748893571891069 0.98174770424681035 1.0799224746714913 3.043417883165112 3.1415926535897931 2 0.63501167908550038
2.5525440310417071 2.748893571891069 1.0799224746714913 1.1780972450961724 2.9452431127404308 3.043417883165112 5 1.1522321687002508
2.5525440310417071 2.748893571891069 0.98174770424681035 1.0799224746714913 2.9452431127404308 3.043417883165112 2 0.57810593119336895
2.5525440310417071 2.748893571891069 0.98174770424681035 1.1780972450961724 2.748893571891069 2.9452431127404308 5 0.59997727573319526
2.5525440310417071 2.748893571891069 0.78539816339744828 0.98174770424681035 2.748893571891069 3.1415926535897931 2 0.70710678117714509
2.3561944901923448 2.5525440310417071 0.98174770424681035 1.1780972450961724 2.748893571891069 3.1415926535897931 5 0.80439420639697357
2.454369260617026 2.5525440310417071 0.78539816339744828 0.98174770424681035 2.9452431127404308 3.1415926535897931 2 0.54869331180417147
2.3561944901923448 2.454369260617026 0.78539816339744828 0.98174770424681035 2.9452431127404308 3.1415926535897931 8 1.4142135623636825
2.454369260617026 2.5525440310417071 0.78539816339744828 0.98174770424681035 2.748893571891069 2.9452431127404308 7 1.0230889596884709
2.3561944901923448 2.454369260617026 0.88357293382212931 0.98174770424681035 2.8470683423157501 2.9452431127404308 8 0.70710678117743009
2.3561944901923448 2.454369260617026 0.88357293382212931 0.98174770424681035 2.748893571891069 2.8470683423157501 5 0.73562706752528317
2.3561944901923448 2.454369260617026 0.78539816339744828 0.88357293382212931 2.748893571891069 2.9452431127404308 8 1.8284271247383641
2.5525440310417071 2.748893571891069 0.98174770424681035 1.1780972450961724 2.3561944901923448 2.748893571891069 5 1.538230941117795
2.5525440310417071 2.748893571891069 0.78539816339744828 0.98174770424681035 2.3561944901923448 2.748893571891069 7 1.8182472472169762
2.3561944901923448 2.5525440310417071 0.98174770424681035 1.1780972450961724 2.3561944901923448 2.748893571891069 5 2.1870776387611404
2.3561944901923448 2.5525440310417071 0.78539816339744828 0.98174770424681035 2.5525440310417071 2.748893571891069 7 0.55557023301094854
2.3561944901923448 2.5525440310417071 0.78539816339744828 0.98174770424681035 2.3561944901923448 2.5525440310417071 5 0.70710678117800863
2.9452431127404308 3.1415926535897931 1.3744467859455345 1.5707963267948966 1.9634954084936207 2.3561944901923448 4 1.8284271247383592
3.043417883165112 3.1415926535897931 1.1780972450961724 1.3744467859455345 2.1598449493429825 2.3561944901923448 4 0.8477590650148068
2.9452431127404308 3.043417883165112 1.2762720155208536 1.3744467859455345 2.2580197197676637 2.3561944901923448 4 1.1795804270950105
2.9452431127404308 3.043417883165112 1.1780972450961724 1.2762720155208536 2.2580197197676637 2.3561944901923448 6 1.1555475087526226
2.9452431127404308 3.043417883165112 1.1780972450961724 1.3744467859455345 2.1598449493429825 2.2580197197676637 6 0.55557023301007136
2.9452431127404308 3.1415926535897931 1.1780972450961724 1.3744467859455345 1.9634954084936207 2.1598449493429825 4 0.70710678117742443
2.748893571891069 2.9452431127404308 1.4726215563702154 1.5707963267948966 2.2580197197676637 2.3561944901923448 4 0.84775906501480658
2.748893571891069 2.9452431127404308 1.3744467859455345 1.4726215563702154 2.2580197197676637 2.3561944901923448 9 1.2290947695622565
2.748893571891069 2.9452431127404308 1.4726215563702154 1.5707963267948966 2.1598449493429825 2.2580197197676637 4 0.92387953250313748
2.748893571891069 2.9452431127404308 1.3744467859455345 1.4726215563702154 2.1598449493429825 2.2580197197676637 9 2.034218691078078
2.748893571891069 2.9452431127404308 1.3744467859455345 1.5707963267948966 1.9634954084936207 2.1598449493429825 4 0.70710678117742576
2.748893571891069 2.9452431127404308 1.1780972450961724 1.3744467859455345 2.2580197197676637 2.3561944901923448 5 0.84208343581161782
2.748893571891069 2.9452431127404308 1.2762720155208536 1.3744467859455345 2.1598449493429825 2.2580197197676637 9 1.4309912580041027
2.748893571891069 2.9452431127404308 1.1780972450961724 1.2762720155208536 2.1598449493429825 2.2580197197676637 5 0.54152827695883099
2.748893571891069 2.9452431127404308 1.2762720155208536 1.3744467859455345 1.9634954084936207 2.1598449493429825 9 1.7156575500397007
2.8470683423157501 2.9452431127404308 1.1780972450961724 1.2762720155208536 1.9634954084936207 2.1598449493429825 6 0.70710678117691517
2.748893571891069 2.8470683423157501 1.1780972450961724 1.2762720155208536 1.9634954084936207 2.1598449493429825 5 0.72784525184402482
2.9452431127404308 3.1415926535897931 1.1780972450961724 1.5707963267948966 1.5707963267948966 1.9634954084936207 4 1.4142135623636785
2.748893571891069 2.9452431127404308 1.3744467859455345 1.5707963267948966 1.5707963267948966 1.9634954084936207 4 1.4142135623636798
2.748893571891069 2.9452431127404308 1.2762720155208536 1.3744467859455345 1.7671458676442586 1.9634954084936207 4 0.76536686472033133
2.8470683423157501 2.9452431127404308 1.1780972450961724 1.2762720155208536 1.8653206380689396 1.9634954084936207 4 0.76536686472033133
2.748893571891069 2.8470683423157501 1.1780972450961724 1.2762720155208536 1.8653206380689396 1.9634954084936207 5 0.65172478435569414
2.748893571891069 2.9452431127404308 1.1780972450961724 1.2762720155208536 1.7671458676442586 1.8653206380689396 11 0.86338400504990997
2.748893571891069 2.9452431127404308 1.1780972450961724 1.3744467859455345 1.5707963267948966 1.7671458676442586 4 0.70710678117683901
2.9452431127404308 3.1415926535897931 0.78539816339744828 1.1780972450961724 1.9634954084936207 2.3561944901923448 6 0.76536686472032789
2.748893571891069 2.9452431127404308 0.98174770424681035 1.1780972450961724 2.1598449493429825 2.3561944901923448 11 0.57027654270426165
2.748893571891069 2.9452431127404308 0.98174770424681035 1.1780972450961724 1.9634954084936207 2.1598449493429825 6 0.70710678117801418
2.8470683423157501 2.9452431127404308 0.88357293382212931 0.98174770424681035 2.2580197197676637 2.3561944901923448 2 0.70248203784984242
2.748893571891069 2.8470683423157501 0.88357293382212931 0.98174770424681035 2.2580197197676637 2.3561944901923448 7 1.6105479715769211
2.748893571891069 2.9452431127404308 0.78539816339744828 0.88357293382212931 2.2580197197676637 2.3561944901923448 2 0.82894259631535294
2.8470683423157501 2.9452431127404308 0.88357293382212931 0.98174770424681035 2.1598449493429825 2.2580197197676637 2 0.51488892750093762
2.748893571891069 2.8470683423157501 0.88357293382212931 0.98174770424681035 2.1598449493429825 2.2580197197676637 7 1.6057326982492159
2.748893571891069 2.9452431127404308 0.78539816339744828 0.88357293382212931 2.1598449493429825 2.2580197197676637 2 0.64134948596644814
2.8470683423157501 2.9452431127404308 0.88357293382212931 0.98174770424681035 1.9634954084936207 2.1598449493429825 6 1.4280666031841616
2.748893571891069 2.8470683423157501 0.88357293382212931 0.98174770424681035 1.9634954084936207 2.1598449493429825 7 1.7742630859461164
2.748893571891069 2.9452431127404308 0.78539816339744828 0.88357293382212931 1.9634954084936207 2.1598449493429825 9 0.57682979572835924
2.9452431127404308 3.1415926535897931 0.98174770424681035 1.1780972450961724 1.5707963267948966 1.9634954084936207 6 1.1795804270950092
3.043417883165112 3.1415926535897931 0.78539816339744828 0.98174770424681035 1.7671458676442586 1.9634954084936207 6 1.2802557922309636
2.9452431127404308 3.043417883165112 0.88357293382212931 0.98174770424681035 1.7671458676442586 1.9634954084936207 6 1.4938238983948542
2.9452431127404308 3.043417883165112 0.78539816339744828 0.88357293382212931 1.7671458676442586 1.9634954084936207 2 0.53369888847092006
3.043417883165112 3.1415926535897931 0.78539816339744828 0.98174770424681035 1.5707963267948966 1.7671458676442586 4 0.55486584620264789
2.9452431127404308 3.043417883165112 0.88357293382212931 0.98174770424681035 1.5707963267948966 1.7671458676442586 6 0.87650733076086862
2.9452431127404308 3.043417883165112 0.78539816339744828 0.88357293382212931 1.5707963267948966 1.7671458676442586 8 1.4142135623636798
2.748893571891069 2.9452431127404308 1.0799224746714913 1.1780972450961724 1.7671458676442586 1.9634954084936207 11 1.3875082389358675
2.748893571891069 2.9452431127404308 0.98174770424681035 1.0799224746714913 1.7671458676442586 1.9634954084936207 7 0.57307214283197117
2.748893571891069 2.9452431127404308 1.0799224746714913 1.1780972450961724 1.5707963267948966 1.7671458676442586 11 2.3113877714465358
2.748893571891069 2.9452431127404308 0.98174770424681035 1.0799224746714913 1.6689710972195777 1.7671458676442586 7 0.82478199463067736
2.8470683423157501 2.9452431127404308 0.98174770424681035 1.0799224746714913 1.5707963267948966 1.6689710972195777 11 0.72095982199732755
2.748893571891069 2.8470683423157501 0.98174770424681035 1.0799224746714913 1.5707963267948966 1.6689710972195777 7 1.5233628281512481
2.748893571891069 2.9452431127404308 0.78539816339744828 0.98174770424681035 1.5707963267948966 1.9634954084936207 7 1.0240329183314714
2.5525440310417071 2.748893571891069 1.3744467859455345 1.5707963267948966 2.1598449493429825 2.3561944901923448 5 0.57027654270422334
2.5525440310417071 2.748893571891069 1.4726215563702154 1.5707963267948966 1.9634954084936207 2.1598449493429825 12 0.76536686472032234
2.5525440310417071 2.748893571891069 1.3744467859455345 1.4726215563702154 1.9634954084936207 2.1598449493429825 5 0.78428080586189619
2.5525440310417071 2.748893571891069 1.1780972450961724 1.3744467859455345 1.9634954084936207 2.3561944901923448 5 1.5044265568156439
2.3561944901923448 2.5525440310417071 1.3744467859455345 1.5707963267948966 2.1598449493429825 2.3561944901923448 5 1.2191232403475687
2.454369260617026 2.5525440310417071 1.3744467859455345 1.5707963267948966 1.9634954084936207 2.1598449493429825 5 0.99000113894516861
2.3561944901923448 2.454369260617026 1.3744467859455345 1.5707963267948966 1.9634954084936207 2.1598449493429825 3 0.75553254011526849
2.3561944901923448 2.5525440310417071 1.1780972450961724 1.3744467859455345 1.9634954084936207 2.3561944901923448 5 2.153273254458989
2.6507188014663878 2.748893571891069 1.4726215563702154 1.5707963267948966 1.8653206380689396 1.9634954084936207 4 1.0823922002837789
2.5525440310417071 2.6507188014663878 1.4726215563702154 1.5707963267948966 1.8653206380689396 1.9634954084936207 5 0.54602090671720682
2.5525440310417071 2.748893571891069 1.4726215563702154 1.5707963267948966 1.7671458676442586 1.8653206380689396 4 0.81622893500646554
2.5525440310417071 2.748893571891069 1.3744467859455345 1.4726215563702154 1.7671458676442586 1.9634954084936207 5 0.70816033837356551
2.5525440310417071 2.748893571891069 1.3744467859455345 1.5707963267948966 1.5707963267948966 1.7671458676442586 4 0.70710678117801251
2.5525440310417071 2.748893571891069 1.1780972450961724 1.3744467859455345 1.5707963267948966 1.9634954084936207 5 1.4283060893273132
2.454369260617026 2.5525440310417071 1.3744467859455345 1.5707963267948966 1.7671458676442586 1.9634954084936207 5 0.91388067145683793
2.3561944901923448 2.454369260617026 1.4726215563702154 1.5707963267948966 1.7671458676442586 1.9634954084936207 3 0.91779435215316185
2.3561944901923448 2.454369260617026 1.3744467859455345 1.4726215563702154 1.7671458676442586 1.9634954084936207 5 1.3570070360169106
2.3561944901923448 2.5525440310417071 1.3744467859455345 1.5707963267948966 1.5707963267948966 1.7671458676442586 5 0.58274395006157853
2.3561944901923448 2.5525440310417071 1.1780972450961724 1.3744467859455345 1.5707963267948966 1.9634954084936207 5 2.0771527869706583
2.5525440310417071 2.748893571891069 0.98174770424681035 1.1780972450961724 2.1598449493429825 2.3561944901923448 5 0.9604571867365177
2.5525440310417071 2.748893571891069 1.0799224746714913 1.1780972450961724 1.9634954084936207 2.1598449493429825 5 1.1102739005374076
2.5525440310417071 2.748893571891069 0.98174770424681035 1.0799224746714913 1.9634954084936207 2.1598449493429825 6 0.5548658462026469
2.5525440310417071 2.748893571891069 0.78539816339744828 0.98174770424681035 1.9634954084936207 2.3561944901923448 7 1.5253540284042293
2.3561944901923448 2.5525440310417071 0.98174770424681035 1.1780972450961724 1.9634954084936207 2.3561944901923448 5 0.88051467388530424
2.454369260617026 2.5525440310417071 0.78539816339744828 0.98174770424681035 2.2580197197676637 2.3561944901923448 5 0.78995178633783203
2.454369260617026 2.5525440310417071 0.88357293382212931 0.98174770424681035 2.1598449493429825 2.2580197197676637 5 1.1382209949308881
2.454369260617026 2.5525440310417071 0.78539816339744828 0.88357293382212931 2.1598449493429825 2.2580197197676637 8 1.4142135623636818
2.3561944901923448 2.454369260617026 0.78539816339744828 0.98174770424681035 2.1598449493429825 2.3561944901923448 8 1.4142135623636827
2.454369260617026 2.5525440310417071 0.88357293382212931 0.98174770424681035 1.9634954084936207 2.1598449493429825 7 0.63543533163477495
2.454369260617026 2.5525440310417071 0.78539816339744828 0.88357293382212931 2.0616701789183018 2.1598449493429825 8 0.70710678117742942
2.454369260617026 2.5525440310417071 0.78539816339744828 0.88357293382212931 1.9634954084936207 2.0616701789183018 7 0.92789460445015548
2.3561944901923448 2.454369260617026 0.88357293382212931 0.98174770424681035 1.9634954084936207 2.1598449493429825 6 0.70710678117751391
2.3561944901923448 2.454369260617026 0.78539816339744828 0.88357293382212931 1.9634954084936207 2.1598449493429825 8 1.8284271247383641
2.5525440310417071 2.748893571891069 0.98174770424681035 1.1780972450961724 1.7671458676442586 1.9634954084936207 7 0.72845703366468806
2.5525440310417071 2.748893571891069 1.0799224746714913 1.1780972450961724 1.5707963267948966 1.7671458676442586 5 1.2026838207459762
2.5525440310417071 2.748893571891069 0.98174770424681035 1.0799224746714913 1.5707963267948966 1.7671458676442586 7 1.691709820538561
2.5525440310417071 2.748893571891069 0.78539816339744828 0.98174770424681035 1.5707963267948966 1.9634954084936207 7 2.5253540284032288
2.3561944901923448 2.5525440310417071 0.98174770424681035 1.1780972450961724 1.5707963267948966 1.9634954084936207 5 0.80439420639697357
2.454369260617026 2.5525440310417071 0.78539816339744828 0.98174770424681035 1.7671458676442586 1.9634954084936207 7 1.6008627140697418
2.3561944901923448 2.454369260617026 0.88357293382212931 0.98174770424681035 1.7671458676442586 1.9634954084936207 7 0.63140909458864014
2.3561944901923448 2.454369260617026 0.78539816339744828 0.88357293382212931 1.7671458676442586 1.9634954084936207 8 1.8284271247383641
2.454369260617026 2.5525440310417071 0.78539816339744828 0.98174770424681035 1.5707963267948966 1.7671458676442586 7 1.2181792817045745
2.3561944901923448 2.454369260617026 0.78539816339744828 0.98174770424681035 1.5707963267948966 1.7671458676442586 8 1.414213562363684
2.9452431127404308 3.1415926535897931 1.1780972450961724 1.5707963267948966 1.1780972450961724 1.5707963267948966 4 1.414213562363678
2.748893571891069 2.9452431127404308 1.3744467859455345 1.5707963267948966 1.1780972450961724 1.5707963267948966 4 1.4142135623636793
2.748893571891069 2.9452431127404308 1.1780972450961724 1.3744467859455345 1.1780972450961724 1.5707963267948966 5 0.55179875855711402
2.9452431127404308 3.1415926535897931 1.3744467859455345 1.5707963267948966 0.78539816339744828 1.1780972450961724 4 1.8284271247383592
2.9452431127404308 3.1415926535897931 1.1780972450961724 1.3744467859455345 0.98174770424681035 1.1780972450961724 4 0.70710678117742343
3.043417883165112 3.1415926535897931 1.1780972450961724 1.3744467859455345 0.78539816339744828 0.98174770424681035 4 0.8477590650148068
2.9452431127404308 3.043417883165112 1.2762720155208536 1.3744467859455345 0.78539816339744828 0.98174770424681035 4 1.1795804270950105
2.9452431127404308 3.043417883165112 1.1780972450961724 1.2762720155208536 0.78539816339744828 0.98174770424681035 6 1.1555475087526219
2.748893571891069 2.9452431127404308 1.3744467859455345 1.5707963267948966 0.98174770424681035 1.1780972450961724 4 0.70710678117742476
2.748893571891069 2.9452431127404308 1.4726215563702154 1.5707963267948966 0.78539816339744828 0.98174770424681035 4 0.84775906501480658
2.748893571891069 2.9452431127404308 1.3744467859455345 1.4726215563702154 0.78539816339744828 0.98174770424681035 9 1.104731938446408
2.748893571891069 2.9452431127404308 1.1780972450961724 1.3744467859455345 0.98174770424681035 1.1780972450961724 5 0.7468890805732612
2.748893571891069 2.9452431127404308 1.2762720155208536 1.3744467859455345 0.78539816339744828 0.98174770424681035 9 0.50150450537243252
2.8470683423157501 2.9452431127404308 1.1780972450961724 1.2762720155208536 0.88357293382212931 0.98174770424681035 6 0.55557023300984609
2.748893571891069 2.8470683423157501 1.1780972450961724 1.2762720155208536 0.88357293382212931 0.98174770424681035 5 1.3614401071002749
2.8961557275280905 2.9452431127404308 1.227184630308513 1.2762720155208536 0.83448554860978885 0.88357293382212931 4 0.52053582965940981
2.8470683423157501 2.8961557275280905 1.227184630308513 1.2762720155208536 0.83448554860978885 0.88357293382212931 5 0.79047056894386891
2.8470683423157501 2.9452431127404308 1.227184630308513 1.2762720155208536 0.78539816339744828 0.83448554860978885 9 0.82520584606941805
2.8470683423157501 2.9452431127404308 1.1780972450961724 1.227184630308513 0.78539816339744828 0.88357293382212931 6 0.55261282961001357
2.748893571891069 2.8470683423157501 1.1780972450961724 1.2762720155208536 0.78539816339744828 0.88357293382212931 5 0.94461800316843947
2.9452431127404308 3.1415926535897931 0.98174770424681035 1.1780972450961724 1.1780972450961724 1.5707963267948966 6 1.1795804270950092
3.043417883165112 3.1415926535897931 0.78539816339744828 0.98174770424681035 1.3744467859455345 1.5707963267948966 4 0.55486584620264756
2.9452431127404308 3.043417883165112 0.88357293382212931 0.98174770424681035 1.3744467859455345 1.5707963267948966 6 0.87650733076086862
2.9452431127404308 3.043417883165112 0.78539816339744828 0.88357293382212931 1.3744467859455345 1.5707963267948966 8 1.4142135623636787
3.043417883165112 3.1415926535897931 0.78539816339744828 0.98174770424681035 1.1780972450961724 1.3744467859455345 6 1.2802557922309643
2.9452431127404308 3.043417883165112 0.88357293382212931 0.98174770424681035 1.1780972450961724 1.3744467859455345 6 1.4938238983948549
2.9452431127404308 3.043417883165112 0.78539816339744828 0.88357293382212931 1.1780972450961724 1.3744467859455345 2 0.53369888847092017
2.748893571891069 2.9452431127404308 1.0799224746714913 1.1780972450961724 1.3744467859455345 1.5707963267948966 11 1.3113877714475364
2.8470683423157501 2.9452431127404308 1.0308350894591509 1.0799224746714913 1.521708941582556 1.5707963267948966 4 0.63501167908549949
2.8961557275280905 2.9452431127404308 0.98174770424681035 1.0308350894591509 1.521708941582556 1.5707963267948966 4 0.67771218406106615
2.8470683423157501 2.8961557275280905 0.98174770424681035 1.0308350894591509 1.521708941582556 1.5707963267948966 7 1.1479697044938464
2.8470683423157501 2.9452431127404308 0.98174770424681035 1.0799224746714913 1.4726215563702154 1.521708941582556 6 0.50063808525009057
2.748893571891069 2.8470683423157501 0.98174770424681035 1.0799224746714913 1.4726215563702154 1.5707963267948966 7 0.8889695439878289
2.8470683423157501 2.9452431127404308 0.98174770424681035 1.0799224746714913 1.3744467859455345 1.4726215563702154 6 0.62610880867948959
2.748893571891069 2.8470683423157501 0.98174770424681035 1.0799224746714913 1.3744467859455345 1.4726215563702154 5 0.6655431001892973
2.748893571891069 2.9452431127404308 1.0799224746714913 1.1780972450961724 1.1780972450961724 1.3744467859455345 5 0.98911571458186742
2.8470683423157501 2.9452431127404308 0.98174770424681035 1.0799224746714913 1.2762720155208536 1.3744467859455345 6 1.0748949886165755
2.748893571891069 2.8470683423157501 0.98174770424681035 1.0799224746714913 1.2762720155208536 1.3744467859455345 5 1.0256159756661711
2.748893571891069 2.9452431127404308 0.98174770424681035 1.0799224746714913 1.1780972450961724 1.2762720155208536 6 0.62863582465744827
2.748893571891069 2.9452431127404308 0.88357293382212931 0.98174770424681035 1.4726215563702154 1.5707963267948966 7 0.63836529640035167
2.8961557275280905 2.9452431127404308 0.93266031903446978 0.98174770424681035 1.4235341711578751 1.4726215563702154 6 0.91058557507324023
2.8470683423157501 2.8961557275280905 0.93266031903446978 0.98174770424681035 1.4235341711578751 1.4726215563702154 7 1.0986715635069424
2.8470683423157501 2.9452431127404308 0.93266031903446978 0.98174770424681035 1.3744467859455345 1.4235341711578751 6 0.52144697852056821
2.8470683423157501 2.9452431127404308 0.88357293382212931 0.93266031903446978 1.3744467859455345 1.4726215563702154 7 0.56909658194596857
2.748893571891069 2.8470683423157501 0.88357293382212931 0.98174770424681035 1.3744467859455345 1.4726215563702154 7 1.6249474178457903
2.8470683423157501 2.9452431127404308 0.78539816339744828 0.88357293382212931 1.4726215563702154 1.5707963267948966 8 0.70710678117801373
2.748893571891069 2.8470683423157501 0.78539816339744828 0.88357293382212931 1.4726215563702154 1.5707963267948966 7 1.7226137518524967
2.748893571891069 2.9452431127404308 0.78539816339744828 0.88357293382212931 1.3744467859455345 1.4726215563702154 9 0.96715681672629517
2.8470683423157501 2.9452431127404308 0.93266031903446978 0.98174770424681035 1.2762720155208536 1.3744467859455345 6 0.7731568303189722
2.8470683423157501 2.9452431127404308 0.88357293382212931 0.93266031903446978 1.2762720155208536 1.3744467859455345 7 0.54988186234939418
2.748893571891069 2.8470683423157501 0.88357293382212931 0.98174770424681035 1.2762720155208536 1.3744467859455345 7 1.6057326982492159
2.8470683423157501 2.9452431127404308 0.88357293382212931 0.98174770424681035 1.1780972450961724 1.2762720155208536 6 0.91605014401346929
2.748893571891069 2.8470683423157501 0.88357293382212931 0.98174770424681035 1.1780972450961724 1.2762720155208536 7 1.7238114339003889
2.748893571891069 2.9452431127404308 0.78539816339744828 0.88357293382212931 1.2762720155208536 1.3744467859455345 9 0.6655431001893074
2.8470683423157501 2.9452431127404308 0.83448554860978885 0.88357293382212931 1.227184630308513 1.2762720155208536 7 0.53587667785799642
2.8470683423157501 2.9452431127404308 0.78539816339744828 0.83448554860978885 1.227184630308513 1.2762720155208536 2 0.6354353316347664
2.8470683423157501 2.9452431127404308 0.83448554860978885 0.88357293382212931 1.1780972450961724 1.227184630308513 6 0.66178544729290956
2.8470683423157501 2.9452431127404308 0.78539816339744828 0.83448554860978885 1.1780972450961724 1.227184630308513 2 0.69389449057449593
2.748893571891069 2.8470683423157501 0.78539816339744828 0.88357293382212931 1.1780972450961724 1.2762720155208536 7 1.4750857716680894
2.9452431127404308 3.1415926535897931 0.78539816339744828 1.1780972450961724 0.78539816339744828 1.1780972450961724 6 0.76536686472032711
2.748893571891069 2.9452431127404308 0.98174770424681035 1.1780972450961724 0.98174770424681035 1.1780972450961724 6 0.7071067811780154
2.748893571891069 2.9452431127404308 1.0799224746714913 1.1780972450961724 0.78539816339744828 0.98174770424681035 11 1.3113877714475364
2.748893571891069 2.9452431127404308 0.98174770424681035 1.0799224746714913 0.78539816339744828 0.98174770424681035 7 0.89749549165364462
2.748893571891069 2.9452431127404308 0.78539816339744828 0.98174770424681035 0.78539816339744828 1.1780972450961724 7 0.64134948596645813
2.3561944901923448 2.748893571891069 1.1780972450961724 1.5707963267948966 1.1780972450961724 1.5707963267948966 5 0.76536686472033422
2.5525440310417071 2.748893571891069 1.3744467859455345 1.5707963267948966 0.98174770424681035 1.1780972450961724 5 0.96045718673648139
2.5525440310417071 2.748893571891069 1.4726215563702154 1.5707963267948966 0.78539816339744828 0.98174770424681035 7 0.54946067888954941
2.5525440310417071 2.748893571891069 1.3744467859455345 1.4726215563702154 0.78539816339744828 0.98174770424681035 5 1.0010535571863108
2.5525440310417071 2.748893571891069 1.1780972450961724 1.3744467859455345 0.78539816339744828 1.1780972450961724 5 1.7211993081400585
2.3561944901923448 2.5525440310417071 1.1780972450961724 1.5707963267948966 0.78539816339744828 1.1780972450961724 5 0.70710678117742454
2.5525440310417071 2.748893571891069 0.98174770424681035 1.1780972450961724 1.1780972450961724 1.5707963267948966 5 1.1555475087526286
2.5525440310417071 2.748893571891069 0.78539816339744828 0.98174770424681035 1.1780972450961724 1.5707963267948966 7 1.5253540284042293
2.3561944901923448 2.5525440310417071 0.98174770424681035 1.1780972450961724 1.1780972450961724 1.5707963267948966 5 1.8043942063959739
2.454369260617026 2.5525440310417071 0.88357293382212931 0.98174770424681035 1.3744467859455345 1.5707963267948966 5 1.333311316946999
2.454369260617026 2.5525440310417071 0.78539816339744828 0.88357293382212931 1.3744467859455345 1.5707963267948966 8 1.414213562363682
2.3561944901923448 2.454369260617026 0.78539816339744828 0.98174770424681035 1.3744467859455345 1.5707963267948966 8 1.4142135623636829
2.3561944901923448 2.5525440310417071 0.78539816339744828 0.98174770424681035 1.1780972450961724 1.3744467859455345 5 0.83146961229415917
2.5525440310417071 2.748893571891069 0.98174770424681035 1.1780972450961724 0.98174770424681035 1.1780972450961724 5 1.3506378307687756
2.5525440310417071 2.748893571891069 0.98174770424681035 1.1780972450961724 0.78539816339744828 0.98174770424681035 7 1.0528803824863615
2.5525440310417071 2.748893571891069 0.78539816339744828 0.98174770424681035 0.78539816339744828 1.1780972450961724 7 2.1426705960382155
2.3561944901923448 2.5525440310417071 0.98174770424681035 1.1780972450961724 0.78539816339744828 1.1780972450961724 5 1.0972874252097189
2.454369260617026 2.5525440310417071 0.78539816339744828 0.98174770424681035 0.98174770424681035 1.1780972450961724 5 0.69475743109947541
2.3561944901923448 2.454369260617026 0.88357293382212931 0.98174770424681035 0.98174770424681035 1.1780972450961724 5 1.0287345298709873
2.3561944901923448 2.454369260617026 0.78539816339744828 0.88357293382212931 0.98174770424681035 1.1780972450961724 8 1.8284271247383641
2.3561944901923448 2.5525440310417071 0.78539816339744828 0.98174770424681035 0.78539816339744828 0.98174770424681035 7 0.7071067811780144
2.9452431127404308 3.1415926535897931 1.3744467859455345 1.5707963267948966 0.39269908169872414 0.78539816339744828 4 1.8284271247383592
3.043417883165112 3.1415926535897931 1.1780972450961724 1.3744467859455345 0.58904862254808621 0.78539816339744828 4 0.8477590650148068
2.9452431127404308 3.043417883165112 1.2762720155208536 1.3744467859455345 0.58904862254808621 0.78539816339744828 4 1.1795804270950105
2.9452431127404308 3.043417883165112 1.1780972450961724 1.2762720155208536 0.58904862254808621 0.78539816339744828 10 0.64884669763365199
2.9452431127404308 3.1415926535897931 1.1780972450961724 1.3744467859455345 0.39269908169872414 0.58904862254808621 4 0.70710678117742354
2.748893571891069 2.9452431127404308 1.3744467859455345 1.5707963267948966 0.58904862254808621 0.78539816339744828 9 0.94575087704207372
2.748893571891069 2.9452431127404308 1.3744467859455345 1.5707963267948966 0.39269908169872414 0.58904862254808621 4 0.70710678117742487
2.748893571891069 2.9452431127404308 1.2762720155208536 1.3744467859455345 0.58904862254808621 0.78539816339744828 9 1.8885443506943036
2.8470683423157501 2.9452431127404308 1.1780972450961724 1.2762720155208536 0.68722339297276724 0.78539816339744828 11 0.60006796550242003
2.748893571891069 2.8470683423157501 1.1780972450961724 1.2762720155208536 0.68722339297276724 0.78539816339744828 5 0.69478444862319499
2.748893571891069 2.9452431127404308 1.1780972450961724 1.2762720155208536 0.58904862254808621 0.68722339297276724 11 1.2516858226339667
2.748893571891069 2.9452431127404308 1.2762720155208536 1.3744467859455345 0.49087385212340517 0.58904862254808621 9 1.0426894404201139
2.8470683423157501 2.9452431127404308 1.2762720155208536 1.3744467859455345 0.39269908169872414 0.49087385212340517 4 1.1480502970856501
2.748893571891069 2.8470683423157501 1.2762720155208536 1.3744467859455345 0.39269908169872414 0.49087385212340517 5 0.69389449057449504
2.748893571891069 2.9452431127404308 1.1780972450961724 1.2762720155208536 0.39269908169872414 0.58904862254808621 11 0.57871771301444686
2.9452431127404308 3.1415926535897931 1.1780972450961724 1.5707963267948966 0 0.39269908169872414 2 0.55486584620264801
2.748893571891069 2.9452431127404308 1.3744467859455345 1.5707963267948966 0 0.39269908169872414 4 1.4142135623636796
2.748893571891069 2.9452431127404308 1.2762720155208536 1.3744467859455345 0.19634954084936207 0.39269908169872414 4 0.765366864720331
2.8470683423157501 2.9452431127404308 1.1780972450961724 1.2762720155208536 0.2945243112740431 0.39269908169872414 2 0.70710678117861792
2.748893571891069 2.8470683423157501 1.1780972450961724 1.2762720155208536 0.2945243112740431 0.39269908169872414 5 1.2690413519896806
2.748893571891069 2.9452431127404308 1.1780972450961724 1.2762720155208536 0.19634954084936207 0.2945243112740431 2 0.58274395006246849
2.748893571891069 2.9452431127404308 1.1780972450961724 1.3744467859455345 0 0.19634954084936207 4 0.70710678117683889
2.9452431127404308 3.1415926535897931 0.98174770424681035 1.1780972450961724 0.39269908169872414 0.78539816339744828 6 1.1795804270950092
2.9452431127404308 3.1415926535897931 0.78539816339744828 0.98174770424681035 0.39269908169872414 0.78539816339744828 2 1.0823922002837805
2.748893571891069 2.9452431127404308 1.0799224746714913 1.1780972450961724 0.58904862254808621 0.78539816339744828 11 1.6042809902602828
2.8470683423157501 2.9452431127404308 0.98174770424681035 1.0799224746714913 0.68722339297276724 0.78539816339744828 2 0.55179875855711213
2.748893571891069 2.8470683423157501 0.98174770424681035 1.0799224746714913 0.68722339297276724 0.78539816339744828 7 1.6213799684808134
2.748893571891069 2.9452431127404308 0.98174770424681035 1.0799224746714913 0.58904862254808621 0.68722339297276724 11 0.66547089794262138
2.748893571891069 2.9452431127404308 1.0799224746714913 1.1780972450961724 0.39269908169872414 0.58904862254808621 11 1.9287043390815222
2.748893571891069 2.9452431127404308 0.98174770424681035 1.0799224746714913 0.39269908169872414 0.58904862254808621 2 0.68575652868997938
2.748893571891069 2.9452431127404308 0.78539816339744828 0.98174770424681035 0.39269908169872414 0.78539816339744828 2 0.64884669763365321
2.748893571891069 3.1415926535897931 0.78539816339744828 1.1780972450961724 0 0.39269908169872414 2 0.70710678117801173
2.6507188014663878 2.748893571891069 1.4726215563702154 1.5707963267948966 0.68722339297276724 0.78539816339744828 7 0.67698963701653614
2.5525440310417071 2.6507188014663878 1.4726215563702154 1.5707963267948966 0.68722339297276724 0.78539816339744828 5 0.58908057098470767
2.6507188014663878 2.748893571891069 1.4726215563702154 1.5707963267948966 0.58904862254808621 0.68722339297276724 9 1.1361395875187852
2.5525440310417071 2.6507188014663878 1.4726215563702154 1.5707963267948966 0.58904862254808621 0.68722339297276724 5 0.54602090671720682
2.5525440310417071 2.748893571891069 1.3744467859455345 1.4726215563702154 0.58904862254808621 0.78539816339744828 5 0.70816033837356551
2.5525440310417071 2.748893571891069 1.4726215563702154 1.5707963267948966 0.39269908169872414 0.58904862254808621 12 0.765366864720323
2.5525440310417071 2.748893571891069 1.3744467859455345 1.4726215563702154 0.39269908169872414 0.58904862254808621 5 0.72737505797014013
2.5525440310417071 2.748893571891069 1.1780972450961724 1.3744467859455345 0.39269908169872414 0.78539816339744828 5 1.4283060893273132
2.454369260617026 2.5525440310417071 1.3744467859455345 1.5707963267948966 0.58904862254808621 0.78539816339744828 5 0.91388067145683793
2.3561944901923448 2.454369260617026 1.3744467859455345 1.5707963267948966 0.58904862254808621 0.78539816339744828 8 1.4142135623636818
2.454369260617026 2.5525440310417071 1.3744467859455345 1.5707963267948966 0.39269908169872414 0.58904862254808621 5 0.93309539105341255
2.3561944901923448 2.454369260617026 1.4726215563702154 1.5707963267948966 0.39269908169872414 0.58904862254808621 8 1.8284271247383614
2.3561944901923448 2.454369260617026 1.3744467859455345 1.4726215563702154 0.39269908169872414 0.58904862254808621 5 1.3762217556134853
2.3561944901923448 2.5525440310417071 1.1780972450961724 1.3744467859455345 0.39269908169872414 0.78539816339744828 5 2.0771527869706583
2.6507188014663878 2.748893571891069 1.4726215563702154 1.5707963267948966 0.2945243112740431 0.39269908169872414 4 1.0823922002837787
2.5525440310417071 2.6507188014663878 1.4726215563702154 1.5707963267948966 0.2945243112740431 0.39269908169872414 5 1.1633374743511933
2.5525440310417071 2.748893571891069 1.4726215563702154 1.5707963267948966 0.19634954084936207 0.2945243112740431 4 0.81622893500646487
2.5525440310417071 2.748893571891069 1.3744467859455345 1.4726215563702154 0.19634954084936207 0.39269908169872414 5 1.325476906007552
2.5525440310417071 2.748893571891069 1.3744467859455345 1.5707963267948966 0 0.19634954084936207 4 0.7071067811780124
2.5525440310417071 2.748893571891069 1.1780972450961724 1.3744467859455345 0 0.39269908169872414 5 2.0456226569612994
2.3561944901923448 2.5525440310417071 1.1780972450961724 1.5707963267948966 0 0.39269908169872414 5 1.0315301299986657
2.5525440310417071 2.748893571891069 1.0799224746714913 1.1780972450961724 0.58904862254808621 0.78539816339744828 5 1.0341534330490769
2.5525440310417071 2.748893571891069 0.98174770424681035 1.0799224746714913 0.58904862254808621 0.78539816339744828 7 1.136139587519128
2.5525440310417071 2.748893571891069 1.0799224746714913 1.1780972450961724 0.39269908169872414 0.58904862254808621 5 1.0533681526456515
2.5525440310417071 2.748893571891069 0.98174770424681035 1.0799224746714913 0.39269908169872414 0.58904862254808621 7 0.69170982053956154
2.5525440310417071 2.748893571891069 0.78539816339744828 0.98174770424681035 0.39269908169872414 0.78539816339744828 7 1.5253540284042293
2.3561944901923448 2.5525440310417071 0.98174770424681035 1.1780972450961724 0.39269908169872414 0.78539816339744828 5 0.80439420639697357
2.454369260617026 2.5525440310417071 0.78539816339744828 0.98174770424681035 0.58904862254808621 0.78539816339744828 7 0.66260904868514137
2.3561944901923448 2.454369260617026 0.78539816339744828 0.98174770424681035 0.58904862254808621 0.78539816339744828 8 1.4142135623636833
2.454369260617026 2.5525440310417071 0.88357293382212931 0.98174770424681035 0.49087385212340517 0.58904862254808621 7 0.50996460820537537
2.454369260617026 2.5525440310417071 0.88357293382212931 0.98174770424681035 0.39269908169872414 0.49087385212340517 5 0.56030086358462738
2.454369260617026 2.5525440310417071 0.78539816339744828 0.88357293382212931 0.49087385212340517 0.58904862254808621 8 0.70710678117742787
2.454369260617026 2.5525440310417071 0.78539816339744828 0.88357293382212931 0.39269908169872414 0.49087385212340517 2 0.55557023300984754
2.3561944901923448 2.454369260617026 0.88357293382212931 0.98174770424681035 0.49087385212340517 0.58904862254808621 8 0.70710678117742876
2.4052818754046852 2.454369260617026 0.93266031903446978 0.98174770424681035 0.39269908169872414 0.49087385212340517 5 0.84431141797431031
2.4052818754046852 2.454369260617026 0.88357293382212931 0.93266031903446978 0.39269908169872414 0.49087385212340517 1 0.52729896659940145
2.3561944901923448 2.4052818754046852 0.88357293382212931 0.98174770424681035 0.39269908169872414 0.49087385212340517 1 0.51115947966916431
2.3561944901923448 2.454369260617026 0.78539816339744828 0.88357293382212931 0.39269908169872414 0.58904862254808621 1 0.55423527389599214
2.5525440310417071 2.748893571891069 0.98174770424681035 1.1780972450961724 0 0.39269908169872414 5 0.77286407638761467
2.5525440310417071 2.748893571891069 0.78539816339744828 0.98174770424681035 0 0.39269908169872414 2 0.70710678117714532
2.3561944901923448 2.5525440310417071 0.98174770424681035 1.1780972450961724 0 0.39269908169872414 5 1.42171077403096
2.454369260617026 2.5525440310417071 0.88357293382212931 0.98174770424681035 0.19634954084936207 0.39269908169872414 5 0.95062788458198511
2.454369260617026 2.5525440310417071 0.78539816339744828 0.88357293382212931 0.19634954084936207 0.39269908169872414 1 0.52972687622544745
2.4052818754046852 2.454369260617026 0.88357293382212931 0.98174770424681035 0.2945243112740431 0.39269908169872414 5 0.75220443311766316
2.3561944901923448 2.4052818754046852 0.88357293382212931 0.98174770424681035 0.2945243112740431 0.39269908169872414 1 0.5531177478321847
2.3561944901923448 2.454369260617026 0.88357293382212931 0.98174770424681035 0.19634954084936207 0.2945243112740431 1 0.52205989503771766
2.3561944901923448 2.454369260617026 0.78539816339744828 0.88357293382212931 0.19634954084936207 0.39269908169872414 1 0.64664519410490651
2.3561944901923448 2.5525440310417071 0.78539816339744828 0.98174770424681035 0 0.19634954084936207 5 0.55557023301094011
2.748893571891069 3.1415926535897931 0 0.78539816339744828 2.3561944901923448 3.1415926535897931 2 1.4142135623636802
2.3561944901923448 2.748893571891069 0.39269908169872414 0.78539816339744828 2.748893571891069 3.1415926535897931 2 0.70710678117683967
2.5525440310417071 2.748893571891069 0.39269908169872414 0.78539816339744828 2.3561944901923448 2.748893571891069 2 0.76536686472033177
2.454369260617026 2.5525440310417071 0.58904862254808621 0.78539816339744828 2.5525440310417071 2.748893571891069 2 0.7728640763874608
2.3561944901923448 2.454369260617026 0.68722339297276724 0.78539816339744828 2.5525440310417071 2.748893571891069 8 1.8284271247383632
2.3561944901923448 2.454369260617026 0.58904862254808621 0.68722339297276724 2.5525440310417071 2.748893571891069 2 0.77286407638746035
2.454369260617026 2.5525440310417071 0.58904862254808621 0.78539816339744828 2.3561944901923448 2.5525440310417071 5 0.6209874526446767
2.3561944901923448 2.454369260617026 0.58904862254808621 0.78539816339744828 2.3561944901923448 2.5525440310417071 8 1.4142135623636831
2.3561944901923448 2.5525440310417071 0.39269908169872414 0.58904862254808621 2.3561944901923448 2.748893571891069 2 0.76536686472033089
2.3561944901923448 2.748893571891069 0 0.39269908169872414 2.3561944901923448 3.1415926535897931 2 1.4142135623636802
2.748893571891069 3.1415926535897931 0.39269908169872414 0.78539816339744828 1.9634954084936207 2.3561944901923448 2 0.70710678117742565
2.9452431127404308 3.1415926535897931 0.39269908169872414 0.78539816339744828 1.5707963267948966 1.9634954084936207 2 0.84775906501480747
2.748893571891069 2.9452431127404308 0.58904862254808621 0.78539816339744828 1.5707963267948966 1.9634954084936207 9 0.50132111006284297
2.748893571891069 2.9452431127404308 0.39269908169872414 0.58904862254808621 1.5707963267948966 1.9634954084936207 2 1.1795804270950123
2.748893571891069 3.1415926535897931 0 0.39269908169872414 1.5707963267948966 2.3561944901923448 2 1.8284271247383614
2.5525440310417071 2.748893571891069 0.58904862254808621 0.78539816339744828 2.2580197197676637 2.3561944901923448 2 0.57027654270422257
2.6507188014663878 2.748893571891069 0.68722339297276724 0.78539816339744828 2.1598449493429825 2.2580197197676637 2 0.72845703366452619
2.5525440310417071 2.6507188014663878 0.73631077818510771 0.78539816339744828 2.2089323345553229 2.2580197197676637 7 0.9662506528913033
2.5525440310417071 2.6507188014663878 0.68722339297276724 0.73631077818510771 2.2089323345553229 2.2580197197676637 2 0.67111646812504278
2.5525440310417071 2.6507188014663878 0.68722339297276724 0.78539816339744828 2.1598449493429825 2.2089323345553229 9 0.81717584051818626
2.5525440310417071 2.748893571891069 0.58904862254808621 0.68722339297276724 2.1598449493429825 2.2580197197676637 2 0.77286407638761268
2.5525440310417071 2.748893571891069 0.68722339297276724 0.78539816339744828 1.9634954084936207 2.1598449493429825 9 0.68575652868998282
2.6507188014663878 2.748893571891069 0.58904862254808621 0.68722339297276724 1.9634954084936207 2.1598449493429825 2 0.79421432887558074
2.5525440310417071 2.6507188014663878 0.58904862254808621 0.68722339297276724 1.9634954084936207 2.1598449493429825 10 1.1292403361176149
2.5525440310417071 2.748893571891069 0.39269908169872414 0.58904862254808621 1.9634954084936207 2.3561944901923448 2 0.82362694826440896
2.454369260617026 2.5525440310417071 0.58904862254808621 0.78539816339744828 2.1598449493429825 2.3561944901923448 10 0.66293922459698296
2.3561944901923448 2.454369260617026 0.58904862254808621 0.78539816339744828 2.1598449493429825 2.3561944901923448 8 1.4142135623636816
2.454369260617026 2.5525440310417071 0.58904862254808621 0.78539816339744828 1.9634954084936207 2.1598449493429825 10 0.73905969208531541
2.3561944901923448 2.454369260617026 0.68722339297276724 0.78539816339744828 1.9634954084936207 2.1598449493429825 8 1.8284271247383632
2.3561944901923448 2.454369260617026 0.58904862254808621 0.68722339297276724 1.9634954084936207 2.1598449493429825 3 0.92387953250237664
2.3561944901923448 2.5525440310417071 0.39269908169872414 0.58904862254808621 1.9634954084936207 2.3561944901923448 3 0.7071067811769165
2.5525440310417071 2.748893571891069 0.68722339297276724 0.78539816339744828 1.7671458676442586 1.9634954084936207 7 1.6898581790538452
2.5525440310417071 2.748893571891069 0.58904862254808621 0.68722339297276724 1.7671458676442586 1.9634954084936207 10 0.63140909458864314
2.5525440310417071 2.748893571891069 0.68722339297276724 0.78539816339744828 1.5707963267948966 1.7671458676442586 7 1.3071747466886778
2.5525440310417071 2.748893571891069 0.58904862254808621 0.68722339297276724 1.6689710972195777 1.7671458676442586 7 0.63439328415455443
2.6507188014663878 2.748893571891069 0.58904862254808621 0.68722339297276724 1.5707963267948966 1.6689710972195777 2 0.50132111006283542
2.5525440310417071 2.6507188014663878 0.58904862254808621 0.68722339297276724 1.5707963267948966 1.6689710972195777 10 1.0531198686292824
2.5525440310417071 2.748893571891069 0.39269908169872414 0.58904862254808621 1.5707963267948966 1.9634954084936207 2 0.53073372945166364
2.454369260617026 2.5525440310417071 0.58904862254808621 0.78539816339744828 1.7671458676442586 1.9634954084936207 10 2.0456226569611502
2.3561944901923448 2.454369260617026 0.68722339297276724 0.78539816339744828 1.7671458676442586 1.9634954084936207 8 1.8284271247383632
2.3561944901923448 2.454369260617026 0.58904862254808621 0.68722339297276724 1.7671458676442586 1.9634954084936207 3 0.55557023301024311
2.454369260617026 2.5525440310417071 0.58904862254808621 0.78539816339744828 1.5707963267948966 1.7671458676442586 10 0.66293922459698296
2.3561944901923448 2.454369260617026 0.58904862254808621 0.78539816339744828 1.5707963267948966 1.7671458676442586 8 1.4142135623636829
2.3561944901923448 2.5525440310417071 0.39269908169872414 0.58904862254808621 1.7671458676442586 1.9634954084936207 3 0.5555702330098462
2.454369260617026 2.5525440310417071 0.49087385212340517 0.58904862254808621 1.5707963267948966 1.7671458676442586 10 1.0531198686292771
2.454369260617026 2.5525440310417071 0.39269908169872414 0.49087385212340517 1.5707963267948966 1.7671458676442586 2 0.50132111006283653
2.3561944901923448 2.454369260617026 0.39269908169872414 0.58904862254808621 1.5707963267948966 1.7671458676442586 3 0.55261282961001357
2.3561944901923448 2.748893571891069 0 0.39269908169872414 1.9634954084936207 2.3561944901923448 2 0.70710678117742565
2.5525440310417071 2.748893571891069 0 0.39269908169872414 1.5707963267948966 1.9634954084936207 2 1.1795804270950132
2.3561944901923448 2.5525440310417071 0 0.39269908169872414 1.5707963267948966 1.9634954084936207 3 1.1555475087526257
2.9452431127404308 3.1415926535897931 0.39269908169872414 0.78539816339744828 1.1780972450961724 1.5707963267948966 2 0.84775906501480747
2.748893571891069 2.9452431127404308 0.58904862254808621 0.78539816339744828 1.1780972450961724 1.5707963267948966 9 1.1186376776968285
2.748893571891069 2.9452431127404308 0.39269908169872414 0.58904862254808621 1.1780972450961724 1.5707963267948966 2 1.1795804270950123
2.748893571891069 3.1415926535897931 0.39269908169872414 0.78539816339744828 0.78539816339744828 1.1780972450961724 2 0.70710678117742576
2.748893571891069 3.1415926535897931 0 0.39269908169872414 0.78539816339744828 1.5707963267948966 2 1.8284271247383614
2.5525440310417071 2.748893571891069 0.68722339297276724 0.78539816339744828 1.4726215563702154 1.5707963267948966 7 0.67278146252525861
2.5525440310417071 2.748893571891069 0.68722339297276724 0.78539816339744828 1.3744467859455345 1.4726215563702154 9 1.0760835496879189
2.6507188014663878 2.748893571891069 0.58904862254808621 0.68722339297276724 1.4726215563702154 1.5707963267948966 2 0.50132111006283542
2.5525440310417071 2.6507188014663878 0.58904862254808621 0.68722339297276724 1.4726215563702154 1.5707963267948966 10 1.0531198686292824
2.5525440310417071 2.748893571891069 0.58904862254808621 0.68722339297276724 1.3744467859455345 1.4726215563702154 9 0.77301045335377816
2.5525440310417071 2.748893571891069 0.68722339297276724 0.78539816339744828 1.2762720155208536 1.3744467859455345 9 0.77446983315093099
2.6507188014663878 2.748893571891069 0.68722339297276724 0.78539816339744828 1.1780972450961724 1.2762720155208536 7 1.1618720813251135
2.5525440310417071 2.6507188014663878 0.68722339297276724 0.78539816339744828 1.1780972450961724 1.2762720155208536 5 0.55601976776511175
2.5525440310417071 2.748893571891069 0.58904862254808621 0.68722339297276724 1.1780972450961724 1.3744467859455345 10 0.63140909458864258
2.5525440310417071 2.748893571891069 0.39269908169872414 0.58904862254808621 1.1780972450961724 1.5707963267948966 2 0.53073372945166364
2.454369260617026 2.5525440310417071 0.58904862254808621 0.78539816339744828 1.3744467859455345 1.5707963267948966 10 0.66293922459698296
2.3561944901923448 2.454369260617026 0.58904862254808621 0.78539816339744828 1.3744467859455345 1.5707963267948966 8 1.4142135623636818
2.454369260617026 2.5525440310417071 0.58904862254808621 0.78539816339744828 1.1780972450961724 1.3744467859455345 5 0.74535028376082724
2.3561944901923448 2.454369260617026 0.68722339297276724 0.78539816339744828 1.1780972450961724 1.3744467859455345 8 1.8284271247383632
2.3561944901923448 2.454369260617026 0.58904862254808621 0.68722339297276724 1.1780972450961724 1.3744467859455345 10 2.0456226569611449
2.454369260617026 2.5525440310417071 0.49087385212340517 0.58904862254808621 1.3744467859455345 1.5707963267948966 10 1.0531198686292771
2.454369260617026 2.5525440310417071 0.39269908169872414 0.49087385212340517 1.3744467859455345 1.5707963267948966 2 0.50132111006283653
2.3561944901923448 2.454369260617026 0.49087385212340517 0.58904862254808621 1.4726215563702154 1.5707963267948966 8 0.70710678117801284
2.4052818754046852 2.454369260617026 0.49087385212340517 0.58904862254808621 1.3744467859455345 1.4726215563702154 10 0.77740388465509491
2.3561944901923448 2.4052818754046852 0.49087385212340517 0.58904862254808621 1.3744467859455345 1.4726215563702154 11 0.75474692812534339
2.3561944901923448 2.454369260617026 0.39269908169872414 0.49087385212340517 1.3744467859455345 1.5707963267948966 3 0.58325752128192943
2.454369260617026 2.5525440310417071 0.39269908169872414 0.58904862254808621 1.1780972450961724 1.3744467859455345 5 0.78377972295397647
2.3561944901923448 2.454369260617026 0.49087385212340517 0.58904862254808621 1.1780972450961724 1.3744467859455345 10 0.77286407638745958
2.3561944901923448 2.454369260617026 0.39269908169872414 0.49087385212340517 1.1780972450961724 1.3744467859455345 5 0.69966226794192599
2.5525440310417071 2.748893571891069 0.68722339297276724 0.78539816339744828 0.98174770424681035 1.1780972450961724 7 0.9244913143236646
2.6507188014663878 2.748893571891069 0.58904862254808621 0.68722339297276724 1.0799224746714913 1.1780972450961724 2 0.79421432887558086
2.5525440310417071 2.6507188014663878 0.58904862254808621 0.68722339297276724 1.0799224746714913 1.1780972450961724 10 1.8580295466121719
2.5525440310417071 2.748893571891069 0.58904862254808621 0.68722339297276724 0.98174770424681035 1.0799224746714913 2 0.59997727573319348
2.5525440310417071 2.748893571891069 0.58904862254808621 0.78539816339744828 0.78539816339744828 0.98174770424681035 7 0.70710678117752168
2.5525440310417071 2.748893571891069 0.39269908169872414 0.58904862254808621 0.78539816339744828 1.1780972450961724 2 0.82362694826440908
2.454369260617026 2.5525440310417071 0.58904862254808621 0.78539816339744828 0.98174770424681035 1.1780972450961724 10 0.73905969208531364
2.3561944901923448 2.454369260617026 0.68722339297276724 0.78539816339744828 0.98174770424681035 1.1780972450961724 8 1.8284271247383632
2.3561944901923448 2.454369260617026 0.58904862254808621 0.68722339297276724 0.98174770424681035 1.1780972450961724 10 0.73905969208530853
2.454369260617026 2.5525440310417071 0.58904862254808621 0.78539816339744828 0.78539816339744828 0.98174770424681035 10 0.66293922459698296
2.3561944901923448 2.454369260617026 0.58904862254808621 0.78539816339744828 0.78539816339744828 0.98174770424681035 8 1.4142135623636827
2.454369260617026 2.5525440310417071 0.49087385212340517 0.58904862254808621 0.98174770424681035 1.1780972450961724 10 1.1292403361176078
2.454369260617026 2.5525440310417071 0.39269908169872414 0.49087385212340517 0.98174770424681035 1.1780972450961724 2 0.79421432887558197
2.3561944901923448 2.454369260617026 0.49087385212340517 0.58904862254808621 1.0799224746714913 1.1780972450961724 11 1.4612276671720117
2.3561944901923448 2.454369260617026 0.49087385212340517 0.58904862254808621 0.98174770424681035 1.0799224746714913 1 0.58831505469735257
2.3561944901923448 2.454369260617026 0.39269908169872414 0.49087385212340517 0.98174770424681035 1.1780972450961724 1 0.60050505432819046
2.3561944901923448 2.5525440310417071 0.39269908169872414 0.58904862254808621 0.78539816339744828 0.98174770424681035 1 0.55557023301154851
2.5525440310417071 2.748893571891069 0 0.39269908169872414 1.1780972450961724 1.5707963267948966 2 1.1795804270950132
2.3561944901923448 2.5525440310417071 0 0.39269908169872414 1.1780972450961724 1.5707963267948966 5 0.64884669763365177
2.3561944901923448 2.748893571891069 0 0.39269908169872414 0.78539816339744828 1.1780972450961724 2 0.70710678117742576
2.748893571891069 3.1415926535897931 0 0.78539816339744828 0 0.78539816339744828 2 1.4142135623636805
2.5525440310417071 2.748893571891069 0.39269908169872414 0.78539816339744828 0.39269908169872414 0.78539816339744828 2 0.765366864720332
2.454369260617026 2.5525440310417071 0.58904862254808621 0.78539816339744828 0.58904862254808621 0.78539816339744828 10 1.6629392245959833
2.3561944901923448 2.454369260617026 0.58904862254808621 0.78539816339744828 0.58904862254808621 0.78539816339744828 1 0.57529943682577878
2.3561944901923448 2.5525440310417071 0.58904862254808621 0.78539816339744828 0.39269908169872414 0.58904862254808621 1 0.58274395006246893
2.3561944901923448 2.5525440310417071 0.39269908169872414 0.58904862254808621 0.39269908169872414 0.78539816339744828 1 0.70710678117861814
2.3561944901923448 2.748893571891069 0.39269908169872414 0.78539816339744828 0 0.39269908169872414 2 0.70710678117683989
2.3561944901923448 2.748893571891069 0 0.39269908169872414 0 0.78539816339744828 1 0.70710678117930981
1.9634954084936207 2.3561944901923448 2.748893571891069 3.1415926535897931 2.748893571891069 3.1415926535897931 2 0.70710678117801129
2.1598449493429825 2.3561944901923448 2.748893571891069 3.1415926535897931 2.3561944901923448 2.748893571891069 2 0.64884669763365166
1.9634954084936207 2.1598449493429825 2.9452431127404308 3.1415926535897931 2.3561944901923448 2.748893571891069 6 1.1795804270950065
1.9634954084936207 2.1598449493429825 2.748893571891069 2.9452431127404308 2.5525440310417071 2.748893571891069 9 0.59997727573320414
2.0616701789183018 2.1598449493429825 2.748893571891069 2.9452431127404308 2.454369260617026 2.5525440310417071 9 1.057935141956992
2.0125827937059615 2.0616701789183018 2.8470683423157501 2.9452431127404308 2.454369260617026 2.5525440310417071 2 0.58924297828529004
1.9634954084936207 2.0125827937059615 2.8470683423157501 2.9452431127404308 2.5034566458293668 2.5525440310417071 2 0.5390103394779755
1.9634954084936207 2.0125827937059615 2.8470683423157501 2.9452431127404308 2.454369260617026 2.5034566458293668 3 0.5217096938018857
1.9634954084936207 2.0616701789183018 2.748893571891069 2.8470683423157501 2.454369260617026 2.5525440310417071 3 0.77406281870311899
1.9634954084936207 2.1598449493429825 2.748893571891069 2.9452431127404308 2.3561944901923448 2.454369260617026 3 0.65621657723572424
2.1598449493429825 2.3561944901923448 2.5525440310417071 2.748893571891069 2.748893571891069 3.1415926535897931 2 0.70710678117714376
2.1598449493429825 2.3561944901923448 2.3561944901923448 2.5525440310417071 2.748893571891069 3.1415926535897931 3 0.80439420639697512
2.0616701789183018 2.1598449493429825 2.5525440310417071 2.748893571891069 3.043417883165112 3.1415926535897931 2 0.63501167908549994
1.9634954084936207 2.0616701789183018 2.6507188014663878 2.748893571891069 3.043417883165112 3.1415926535897931 2 0.67771218406106637
1.9634954084936207 2.0616701789183018 2.5525440310417071 2.6507188014663878 3.043417883165112 3.1415926535897931 3 0.65172478435569703
2.0616701789183018 2.1598449493429825 2.5525440310417071 2.748893571891069 2.9452431127404308 3.043417883165112 2 0.57810593119336851
1.9634954084936207 2.0616701789183018 2.6507188014663878 2.748893571891069 2.9452431127404308 3.043417883165112 2 0.62080643616893494
1.9634954084936207 2.0616701789183018 2.5525440310417071 2.6507188014663878 2.9452431127404308 3.043417883165112 3 0.69478444862319833
2.0616701789183018 2.1598449493429825 2.5525440310417071 2.748893571891069 2.748893571891069 2.9452431127404308 9 0.74688908057326986
1.9634954084936207 2.0616701789183018 2.6507188014663878 2.748893571891069 2.748893571891069 2.9452431127404308 7 1.0720993884888677
1.9634954084936207 2.0616701789183018 2.5525440310417071 2.6507188014663878 2.748893571891069 2.9452431127404308 3 0.82025517205259735
1.9634954084936207 2.1598449493429825 2.3561944901923448 2.5525440310417071 2.748893571891069 3.1415926535897931 3 1.2379397090471018
2.1598449493429825 2.3561944901923448 2.3561944901923448 2.748893571891069 2.3561944901923448 2.748893571891069 5 0.75786965305327902
1.9634954084936207 2.1598449493429825 2.3561944901923448 2.748893571891069 2.3561944901923448 2.748893571891069 3 0.69970876791876613
1.7671458676442586 1.9634954084936207 2.9452431127404308 3.1415926535897931 2.748893571891069 3.1415926535897931 2 0.70710678117930892
1.7671458676442586 1.9634954084936207 2.748893571891069 2.9452431127404308 2.9452431127404308 3.1415926535897931 4 0.70710678117683878
1.8653206380689396 1.9634954084936207 2.8470683423157501 2.9452431127404308 2.748893571891069 2.9452431127404308 2 0.70710678117861747
1.8653206380689396 1.9634954084936207 2.748893571891069 2.8470683423157501 2.748893571891069 2.9452431127404308 7 1.5130700163564654
1.7671458676442586 1.8653206380689396 2.748893571891069 2.9452431127404308 2.748893571891069 2.9452431127404308 4 0.76536686472033144
1.5707963267948966 1.7671458676442586 2.748893571891069 3.1415926535897931 2.748893571891069 3.1415926535897931 4 1.4142135623636796
1.7671458676442586 1.9634954084936207 2.9452431127404308 3.1415926535897931 2.5525440310417071 2.748893571891069 4 0.70710678117742498
1.7671458676442586 1.9634954084936207 3.043417883165112 3.1415926535897931 2.3561944901923448 2.5525440310417071 4 0.84775906501480791
1.7671458676442586 1.9634954084936207 2.9452431127404308 3.043417883165112 2.454369260617026 2.5525440310417071 10 0.83146961229329874
1.8653206380689396 1.9634954084936207 2.9452431127404308 3.043417883165112 2.3561944901923448 2.454369260617026 6 0.59997727573318749
1.7671458676442586 1.8653206380689396 2.9452431127404308 3.043417883165112 2.3561944901923448 2.454369260617026 4 1.1795804270950114
1.7671458676442586 1.9634954084936207 2.748893571891069 2.9452431127404308 2.5525440310417071 2.748893571891069 7 0.9307564537078995
1.9144080232812801 1.9634954084936207 2.8470683423157501 2.9452431127404308 2.5034566458293668 2.5525440310417071 7 0.61816640059142258
1.9144080232812801 1.9634954084936207 2.8961557275280905 2.9452431127404308 2.454369260617026 2.5034566458293668 10 0.69966226794192932
1.9144080232812801 1.9634954084936207 2.8470683423157501 2.8961557275280905 2.454369260617026 2.5034566458293668 3 0.57044482267453134
1.8653206380689396 1.9144080232812801 2.8470683423157501 2.9452431127404308 2.454369260617026 2.5525440310417071 7 0.85492012532279604
1.8653206380689396 1.9634954084936207 2.748893571891069 2.8470683423157501 2.454369260617026 2.5525440310417071 7 1.610143198043017
1.7671458676442586 1.8653206380689396 2.748893571891069 2.9452431127404308 2.454369260617026 2.5525440310417071 7 1.2756447443260082
1.9144080232812801 1.9634954084936207 2.8470683423157501 2.9452431127404308 2.3561944901923448 2.454369260617026 3 0.52391473221343232
1.8653206380689396 1.9144080232812801 2.8470683423157501 2.9452431127404308 2.4052818754046852 2.454369260617026 7 0.52538217222216177
1.8653206380689396 1.9144080232812801 2.8961557275280905 2.9452431127404308 2.3561944901923448 2.4052818754046852 4 0.50132111006283608
1.8653206380689396 1.9144080232812801 2.8470683423157501 2.8961557275280905 2.3561944901923448 2.4052818754046852 3 0.65981796049957309
1.8653206380689396 1.9634954084936207 2.748893571891069 2.8470683423157501 2.3561944901923448 2.454369260617026 3 0.74863107521548478
1.7671458676442586 1.8653206380689396 2.748893571891069 2.9452431127404308 2.3561944901923448 2.454369260617026 7 0.66655510346930757
1.5707963267948966 1.7671458676442586 2.9452431127404308 3.1415926535897931 2.3561944901923448 2.748893571891069 4 1.8284271247383597
1.5707963267948966 1.7671458676442586 2.748893571891069 2.9452431127404308 2.5525440310417071 2.748893571891069 4 0.70710678117742587
1.6689710972195777 1.7671458676442586 2.748893571891069 2.9452431127404308 2.454369260617026 2.5525440310417071 7 0.78058878395598486
1.5707963267948966 1.6689710972195777 2.748893571891069 2.9452431127404308 2.454369260617026 2.5525440310417071 4 0.92387953250313748
1.6689710972195777 1.7671458676442586 2.748893571891069 2.9452431127404308 2.3561944901923448 2.454369260617026 11 2.1380214120718963
1.5707963267948966 1.6689710972195777 2.748893571891069 2.9452431127404308 2.3561944901923448 2.454369260617026 4 0.8477590650148068
1.7671458676442586 1.9634954084936207 2.5525440310417071 2.748893571891069 2.748893571891069 3.1415926535897931 7 0.87650733076088239
1.7671458676442586 1.9634954084936207 2.3561944901923448 2.5525440310417071 2.748893571891069 3.1415926535897931 3 0.50132111006283453
1.5707963267948966 1.7671458676442586 2.5525440310417071 2.748893571891069 2.9452431127404308 3.1415926535897931 4 0.70710678117801196
1.5707963267948966 1.7671458676442586 2.5525440310417071 2.748893571891069 2.748893571891069 2.9452431127404308 7 0.91605014401344365
1.5707963267948966 1.7671458676442586 2.454369260617026 2.5525440310417071 3.043417883165112 3.1415926535897931 8 0.70710678117684267
1.6689710972195777 1.7671458676442586 2.5034566458293668 2.5525440310417071 2.9452431127404308 3.043417883165112 7 0.98173647476197212
1.6689710972195777 1.7671458676442586 2.454369260617026 2.5034566458293668 2.9452431127404308 3.043417883165112 8 0.76536686472033066
1.5707963267948966 1.6689710972195777 2.454369260617026 2.5525440310417071 2.9452431127404308 3.043417883165112 4 0.70710678117930847
1.5707963267948966 1.7671458676442586 2.3561944901923448 2.454369260617026 2.9452431127404308 3.1415926535897931 8 1.4142135623636829
1.6689710972195777 1.7671458676442586 2.454369260617026 2.5525440310417071 2.748893571891069 2.9452431127404308 7 0.8776619656425364
1.5707963267948966 1.6689710972195777 2.454369260617026 2.5525440310417071 2.8470683423157501 2.9452431127404308 8 0.70710678117742831
1.5707963267948966 1.6689710972195777 2.454369260617026 2.5525440310417071 2.748893571891069 2.8470683423157501 5 0.87307005747452193
1.6689710972195777 1.7671458676442586 2.3561944901923448 2.454369260617026 2.748893571891069 2.9452431127404308 3 0.69189321584914409
1.5707963267948966 1.6689710972195777 2.3561944901923448 2.454369260617026 2.748893571891069 2.9452431127404308 8 1.8284271247383632
1.7671458676442586 1.9634954084936207 2.5525440310417071 2.748893571891069 2.3561944901923448 2.748893571891069 7 1.1694005495736293
1.7671458676442586 1.9634954084936207 2.3561944901923448 2.5525440310417071 2.3561944901923448 2.748893571891069 3 1.1186376776968208
1.5707963267948966 1.7671458676442586 2.5525440310417071 2.748893571891069 2.5525440310417071 2.748893571891069 7 1.6667106990493221
1.5707963267948966 1.7671458676442586 2.5525440310417071 2.748893571891069 2.454369260617026 2.5525440310417071 7 1.0131233256999952
1.6689710972195777 1.7671458676442586 2.5525440310417071 2.748893571891069 2.3561944901923448 2.454369260617026 7 1.6728202531710417
1.5707963267948966 1.6689710972195777 2.5525440310417071 2.748893571891069 2.3561944901923448 2.454369260617026 5 0.52968017225541408
1.5707963267948966 1.7671458676442586 2.454369260617026 2.5525440310417071 2.5525440310417071 2.748893571891069 5 0.63362487921680266
1.5707963267948966 1.7671458676442586 2.3561944901923448 2.454369260617026 2.5525440310417071 2.748893571891069 3 0.56011004127721775
1.5707963267948966 1.7671458676442586 2.3561944901923448 2.5525440310417071 2.3561944901923448 2.5525440310417071 3 0.58527096603844053
2.1598449493429825 2.3561944901923448 2.9452431127404308 3.1415926535897931 1.9634954084936207 2.3561944901923448 6 0.76536686472032944
2.1598449493429825 2.3561944901923448 2.748893571891069 2.9452431127404308 2.1598449493429825 2.3561944901923448 11 1.3506378307687712
2.1598449493429825 2.3561944901923448 2.748893571891069 2.9452431127404308 1.9634954084936207 2.1598449493429825 3 0.67515387027138551
1.9634954084936207 2.1598449493429825 2.748893571891069 3.1415926535897931 1.9634954084936207 2.3561944901923448 3 0.55486584620264812
2.2580197197676637 2.3561944901923448 2.9452431127404308 3.1415926535897931 1.7671458676442586 1.9634954084936207 2 0.53369888847091917
2.1598449493429825 2.2580197197676637 2.9452431127404308 3.1415926535897931 1.7671458676442586 1.9634954084936207 6 1.4938238983948555
2.2580197197676637 2.3561944901923448 2.9452431127404308 3.1415926535897931 1.5707963267948966 1.7671458676442586 8 1.4142135623636796
2.1598449493429825 2.2580197197676637 2.9452431127404308 3.1415926535897931 1.5707963267948966 1.7671458676442586 6 0.87650733076086995
2.2580197197676637 2.3561944901923448 2.748893571891069 2.9452431127404308 1.7671458676442586 1.9634954084936207 11 1.2557008945833479
2.1598449493429825 2.2580197197676637 2.748893571891069 2.9452431127404308 1.7671458676442586 1.9634954084936207 3 0.65647353710333811
2.1598449493429825 2.3561944901923448 2.748893571891069 2.9452431127404308 1.5707963267948966 1.7671458676442586 11 1.1555475087526246
1.9634954084936207 2.1598449493429825 2.9452431127404308 3.1415926535897931 1.5707963267948966 1.9634954084936207 6 1.1795804270950065
1.9634954084936207 2.1598449493429825 2.748893571891069 2.9452431127404308 1.7671458676442586 1.9634954084936207 3 0.74039007342937846
2.0616701789183018 2.1598449493429825 2.748893571891069 2.9452431127404308 1.6689710972195777 1.7671458676442586 3 0.5889160134483773
1.9634954084936207 2.0616701789183018 2.8470683423157501 2.9452431127404308 1.6689710972195777 1.7671458676442586 4 0.70710678117714465
1.9634954084936207 2.0616701789183018 2.748893571891069 2.8470683423157501 1.6689710972195777 1.7671458676442586 3 0.86925717394147783
2.0616701789183018 2.1598449493429825 2.748893571891069 2.9452431127404308 1.5707963267948966 1.6689710972195777 9 1.2801094152659156
1.9634954084936207 2.0616701789183018 2.8470683423157501 2.9452431127404308 1.5707963267948966 1.6689710972195777 4 0.923879532502208
1.9634954084936207 2.0616701789183018 2.748893571891069 2.8470683423157501 1.5707963267948966 1.6689710972195777 3 0.5789724966869717
1.9634954084936207 2.3561944901923448 2.3561944901923448 2.748893571891069 1.5707963267948966 2.3561944901923448 3 0.64884669763365332
1.7671458676442586 1.9634954084936207 3.043417883165112 3.1415926535897931 2.1598449493429825 2.3561944901923448 4 0.84775906501480791
1.8653206380689396 1.9634954084936207 2.9452431127404308 3.043417883165112 2.2580197197676637 2.3561944901923448 6 1.155547508752621
1.7671458676442586 1.8653206380689396 2.9452431127404308 3.043417883165112 2.2580197197676637 2.3561944901923448 4 1.1795804270950114
1.7671458676442586 1.9634954084936207 2.9452431127404308 3.043417883165112 2.1598449493429825 2.2580197197676637 6 0.55557023301006991
1.7671458676442586 1.9634954084936207 2.9452431127404308 3.1415926535897931 1.9634954084936207 2.1598449493429825 4 0.70710678117742554
1.8653206380689396 1.9634954084936207 2.748893571891069 2.9452431127404308 2.2580197197676637 2.3561944901923448 3 0.59018846329884544
1.7671458676442586 1.8653206380689396 2.748893571891069 2.9452431127404308 2.2580197197676637 2.3561944901923448 11 1.276439365248073
1.8653206380689396 1.9634954084936207 2.748893571891069 2.9452431127404308 2.1598449493429825 2.2580197197676637 3 0.76500294646088851
1.7671458676442586 1.8653206380689396 2.748893571891069 2.9452431127404308 2.1598449493429825 2.2580197197676637 11 0.76442290607737706
1.8653206380689396 1.9634954084936207 2.748893571891069 2.9452431127404308 1.9634954084936207 2.1598449493429825 3 0.80696121462390868
1.7671458676442586 1.8653206380689396 2.748893571891069 2.9452431127404308 1.9634954084936207 2.1598449493429825 7 0.54219227235346112
1.5707963267948966 1.7671458676442586 2.9452431127404308 3.1415926535897931 1.9634954084936207 2.3561944901923448 4 1.8284271247383597
1.5707963267948966 1.7671458676442586 2.748893571891069 2.9452431127404308 2.1598449493429825 2.3561944901923448 11 0.96045718673647795
1.5707963267948966 1.7671458676442586 2.748893571891069 2.9452431127404308 1.9634954084936207 2.1598449493429825 4 0.70710678117742642
1.7671458676442586 1.9634954084936207 2.9452431127404308 3.1415926535897931 1.5707963267948966 1.9634954084936207 4 1.4142135623636796
1.7671458676442586 1.9634954084936207 2.748893571891069 2.9452431127404308 1.7671458676442586 1.9634954084936207 7 0.75786965305329179
1.7671458676442586 1.9634954084936207 2.748893571891069 2.9452431127404308 1.5707963267948966 1.7671458676442586 4 0.70710678117684
1.5707963267948966 1.7671458676442586 2.748893571891069 3.1415926535897931 1.5707963267948966 1.9634954084936207 4 1.4142135623636805
1.7671458676442586 1.9634954084936207 2.3561944901923448 2.748893571891069 1.9634954084936207 2.3561944901923448 3 1.0528803824863537
1.6689710972195777 1.7671458676442586 2.5525440310417071 2.748893571891069 2.2580197197676637 2.3561944901923448 3 0.5223092709558248
1.5707963267948966 1.6689710972195777 2.6507188014663878 2.748893571891069 2.2580197197676637 2.3561944901923448 7 0.85257433834251506
1.5707963267948966 1.6689710972195777 2.5525440310417071 2.6507188014663878 2.2580197197676637 2.3561944901923448 3 0.51107250051772957
1.6689710972195777 1.7671458676442586 2.5525440310417071 2.748893571891069 2.1598449493429825 2.2580197197676637 3 0.69712375411786787
1.5707963267948966 1.6689710972195777 2.6507188014663878 2.748893571891069 2.1598449493429825 2.2580197197676637 7 0.84775906501480991
1.5707963267948966 1.6689710972195777 2.5525440310417071 2.6507188014663878 2.1598449493429825 2.2580197197676637 3 0.68588698367977263
1.6689710972195777 1.7671458676442586 2.5525440310417071 2.748893571891069 1.9634954084936207 2.1598449493429825 3 0.73908202228088804
1.5707963267948966 1.6689710972195777 2.5525440310417071 2.748893571891069 1.9634954084936207 2.1598449493429825 12 0.765366864720325
1.5707963267948966 1.7671458676442586 2.3561944901923448 2.5525440310417071 1.9634954084936207 2.3561944901923448 3 1.0972874252091342
1.7671458676442586 1.9634954084936207 2.5525440310417071 2.748893571891069 1.5707963267948966 1.9634954084936207 7 1.8765073307598819
1.7671458676442586 1.9634954084936207 2.3561944901923448 2.5525440310417071 1.5707963267948966 1.9634954084936207 3 1.5013211100618344
1.5707963267948966 1.7671458676442586 2.5525440310417071 2.748893571891069 1.5707963267948966 1.9634954084936207 7 1.1111404660295472
1.5707963267948966 1.7671458676442586 2.3561944901923448 2.5525440310417071 1.7671458676442586 1.9634954084936207 3 0.94575087704206384
1.6689710972195777 1.7671458676442586 2.454369260617026 2.5525440310417071 1.5707963267948966 1.7671458676442586 3 0.97074999853130561
1.5707963267948966 1.6689710972195777 2.454369260617026 2.5525440310417071 1.5707963267948966 1.7671458676442586 4 0.7071067811793097
1.5707963267948966 1.7671458676442586 2.3561944901923448 2.454369260617026 1.5707963267948966 1.7671458676442586 3 0.94279347364223121
2.2580197197676637 2.3561944901923448 2.9452431127404308 3.1415926535897931 1.3744467859455345 1.5707963267948966 8 1.4142135623636785
2.1598449493429825 2.2580197197676637 2.9452431127404308 3.1415926535897931 1.3744467859455345 1.5707963267948966 6 0.87650733076086995
2.2580197197676637 2.3561944901923448 2.9452431127404308 3.1415926535897931 1.1780972450961724 1.3744467859455345 2 0.53369888847091929
2.1598449493429825 2.2580197197676637 2.9452431127404308 3.1415926535897931 1.1780972450961724 1.3744467859455345 6 1.4938238983948562
2.2580197197676637 2.3561944901923448 2.748893571891069 2.9452431127404308 1.3744467859455345 1.5707963267948966 11 1.1795804270950168
2.1598449493429825 2.2580197197676637 2.748893571891069 2.9452431127404308 1.3744467859455345 1.5707963267948966 9 0.58621492468144165
2.2580197197676637 2.3561944901923448 2.748893571891069 2.9452431127404308 1.1780972450961724 1.3744467859455345 11 1.3481108147919163
2.1598449493429825 2.2580197197676637 2.748893571891069 2.9452431127404308 1.2762720155208536 1.3744467859455345 9 1.0576116615075566
2.1598449493429825 2.2580197197676637 2.748893571891069 2.9452431127404308 1.1780972450961724 1.2762720155208536 11 1.2535646490821892
1.9634954084936207 2.1598449493429825 2.9452431127404308 3.1415926535897931 1.1780972450961724 1.5707963267948966 6 1.1795804270950065
1.9634954084936207 2.1598449493429825 2.748893571891069 2.9452431127404308 1.1780972450961724 1.5707963267948966 9 0.77286407638762245
2.1598449493429825 2.3561944901923448 2.9452431127404308 3.1415926535897931 0.78539816339744828 1.1780972450961724 6 0.76536686472032867
2.1598449493429825 2.3561944901923448 2.748893571891069 2.9452431127404308 0.98174770424681035 1.1780972450961724 11 0.96045718673651648
2.2580197197676637 2.3561944901923448 2.748893571891069 2.9452431127404308 0.78539816339744828 0.98174770424681035 2 0.64134948596644792
2.1598449493429825 2.2580197197676637 2.8470683423157501 2.9452431127404308 0.88357293382212931 0.98174770424681035 2 0.51488892750093695
2.1598449493429825 2.2580197197676637 2.748893571891069 2.8470683423157501 0.88357293382212931 0.98174770424681035 9 1.128407197044806
2.1598449493429825 2.2580197197676637 2.8470683423157501 2.9452431127404308 0.78539816339744828 0.88357293382212931 2 0.70248203784984153
2.1598449493429825 2.2580197197676637 2.748893571891069 2.8470683423157501 0.78539816339744828 0.88357293382212931 9 1.8618596690173514
1.9634954084936207 2.1598449493429825 2.9452431127404308 3.1415926535897931 0.78539816339744828 1.1780972450961724 6 2.1795804270940065
1.9634954084936207 2.1598449493429825 2.748893571891069 2.9452431127404308 0.98174770424681035 1.1780972450961724 6 0.70710678117801296
1.9634954084936207 2.1598449493429825 2.748893571891069 2.9452431127404308 0.88357293382212931 0.98174770424681035 6 0.55557023301094266
1.9634954084936207 2.1598449493429825 2.748893571891069 2.9452431127404308 0.78539816339744828 0.88357293382212931 9 1.0575303684230817
2.2580197197676637 2.3561944901923448 2.5525440310417071 2.748893571891069 1.3744467859455345 1.5707963267948966 5 1.3459362192293418
2.1598449493429825 2.2580197197676637 2.5525440310417071 2.748893571891069 1.4726215563702154 1.5707963267948966 3 0.70819098670331948
2.1598449493429825 2.2580197197676637 2.5525440310417071 2.748893571891069 1.3744467859455345 1.4726215563702154 5 0.8465829575142283
2.1598449493429825 2.3561944901923448 2.5525440310417071 2.748893571891069 1.1780972450961724 1.3744467859455345 5 1.2066558329911021
2.1598449493429825 2.3561944901923448 2.3561944901923448 2.5525440310417071 1.1780972450961724 1.5707963267948966 3 0.88051467388530569
1.9634954084936207 2.1598449493429825 2.5525440310417071 2.748893571891069 1.3744467859455345 1.5707963267948966 3 0.52682196726434627
2.0616701789183018 2.1598449493429825 2.5525440310417071 2.748893571891069 1.2762720155208536 1.3744467859455345 9 1.0231954953832341
1.9634954084936207 2.0616701789183018 2.6507188014663878 2.748893571891069 1.2762720155208536 1.3744467859455345 9 1.8173329560554636
1.9634954084936207 2.0616701789183018 2.5525440310417071 2.6507188014663878 1.2762720155208536 1.3744467859455345 3 0.87871433099232588
2.0616701789183018 2.1598449493429825 2.6507188014663878 2.748893571891069 1.1780972450961724 1.2762720155208536 9 1.8608251467399837
2.0616701789183018 2.1598449493429825 2.5525440310417071 2.6507188014663878 1.1780972450961724 1.2762720155208536 3 0.8416567476282909
1.9634954084936207 2.0616701789183018 2.6507188014663878 2.748893571891069 1.1780972450961724 1.2762720155208536 9 0.96325278686433369
1.9634954084936207 2.0616701789183018 2.5525440310417071 2.6507188014663878 1.1780972450961724 1.2762720155208536 3 0.7278452518440276
1.9634954084936207 2.1598449493429825 2.3561944901923448 2.5525440310417071 1.1780972450961724 1.5707963267948966 3 1.3140601765354325
2.1598449493429825 2.3561944901923448 2.5525440310417071 2.748893571891069 0.98174770424681035 1.1780972450961724 5 0.57027654270425965
2.2580197197676637 2.3561944901923448 2.5525440310417071 2.748893571891069 0.78539816339744828 0.98174770424681035 5 0.63882943804308678
2.1598449493429825 2.2580197197676637 2.6507188014663878 2.748893571891069 0.88357293382212931 0.98174770424681035 7 0.67922867731880077
2.1598449493429825 2.2580197197676637 2.5525440310417071 2.6507188014663878 0.88357293382212931 0.98174770424681035 3 0.5870229676262313
2.1598449493429825 2.2580197197676637 2.6507188014663878 2.748893571891069 0.78539816339744828 0.88357293382212931 7 0.55486584620265111
2.1598449493429825 2.2580197197676637 2.5525440310417071 2.6507188014663878 0.78539816339744828 0.88357293382212931 3 0.68588698368083045
2.1598449493429825 2.3561944901923448 2.3561944901923448 2.5525440310417071 0.78539816339744828 1.1780972450961724 3 0.80439420639697512
2.0616701789183018 2.1598449493429825 2.5525440310417071 2.748893571891069 1.0799224746714913 1.1780972450961724 6 0.55486584620264989
1.9634954084936207 2.0616701789183018 2.6507188014663878 2.748893571891069 1.0799224746714913 1.1780972450961724 7 0.88450627813995797
1.9634954084936207 2.0616701789183018 2.5525440310417071 2.6507188014663878 1.0799224746714913 1.1780972450961724 3 0.65654005768340218
1.9634954084936207 2.1598449493429825 2.5525440310417071 2.748893571891069 0.98174770424681035 1.0799224746714913 12 0.70710678117683268
2.0616701789183018 2.1598449493429825 2.5525440310417071 2.748893571891069 0.88357293382212931 0.98174770424681035 12 1.0315301299986692
1.9634954084936207 2.0616701789183018 2.5525440310417071 2.748893571891069 0.88357293382212931 0.98174770424681035 7 1.3620407238236996
2.0616701789183018 2.1598449493429825 2.6507188014663878 2.748893571891069 0.78539816339744828 0.88357293382212931 7 0.89192662159645197
2.0616701789183018 2.1598449493429825 2.5525440310417071 2.6507188014663878 0.78539816339744828 0.88357293382212931 3 0.88361501579113411
1.9634954084936207 2.0616701789183018 2.5525440310417071 2.748893571891069 0.78539816339744828 0.88357293382212931 7 1.2376778927075498
1.9634954084936207 2.1598449493429825 2.3561944901923448 2.5525440310417071 0.78539816339744828 1.1780972450961724 3 1.2379397090471018
1.7671458676442586 1.9634954084936207 2.9452431127404308 3.1415926535897931 1.1780972450961724 1.5707963267948966 4 1.4142135623636791
1.7671458676442586 1.9634954084936207 2.748893571891069 2.9452431127404308 1.3744467859455345 1.5707963267948966 4 0.70710678117683967
1.8653206380689396 1.9634954084936207 2.8470683423157501 2.9452431127404308 1.2762720155208536 1.3744467859455345 4 1.148050297085498
1.8653206380689396 1.9634954084936207 2.748893571891069 2.8470683423157501 1.2762720155208536 1.3744467859455345 7 0.70816033837356951
1.8653206380689396 1.9634954084936207 2.8470683423157501 2.9452431127404308 1.1780972450961724 1.2762720155208536 4 0.76536686472033177
1.8653206380689396 1.9634954084936207 2.748893571891069 2.8470683423157501 1.1780972450961724 1.2762720155208536 7 0.8262390740247425
1.7671458676442586 1.8653206380689396 2.748893571891069 2.9452431127404308 1.1780972450961724 1.3744467859455345 4 0.76536686472033166
1.5707963267948966 1.7671458676442586 2.748893571891069 3.1415926535897931 1.1780972450961724 1.5707963267948966 4 1.41421356236368
1.7671458676442586 1.9634954084936207 2.9452431127404308 3.1415926535897931 0.98174770424681035 1.1780972450961724 4 0.70710678117742454
1.7671458676442586 1.9634954084936207 3.043417883165112 3.1415926535897931 0.78539816339744828 0.98174770424681035 4 0.84775906501480791
1.8653206380689396 1.9634954084936207 2.9452431127404308 3.043417883165112 0.78539816339744828 0.98174770424681035 6 1.1555475087526204
1.7671458676442586 1.8653206380689396 2.9452431127404308 3.043417883165112 0.78539816339744828 0.98174770424681035 4 1.1795804270950114
1.8653206380689396 1.9634954084936207 2.8470683423157501 2.9452431127404308 1.0799224746714913 1.1780972450961724 6 0.70710678117691494
1.8653206380689396 1.9634954084936207 2.748893571891069 2.8470683423157501 1.0799224746714913 1.1780972450961724 7 1.3254769060075557
1.8653206380689396 1.9634954084936207 2.748893571891069 2.9452431127404308 0.98174770424681035 1.0799224746714913 7 0.66547089794263148
1.7671458676442586 1.8653206380689396 2.748893571891069 2.9452431127404308 0.98174770424681035 1.1780972450961724 7 0.99097845229054693
1.7671458676442586 1.9634954084936207 2.748893571891069 2.9452431127404308 0.78539816339744828 0.98174770424681035 7 1.0822930018749655
1.5707963267948966 1.7671458676442586 2.9452431127404308 3.1415926535897931 0.78539816339744828 1.1780972450961724 4 1.8284271247383597
1.5707963267948966 1.7671458676442586 2.748893571891069 2.9452431127404308 0.98174770424681035 1.1780972450961724 4 0.70710678117742543
1.6689710972195777 1.7671458676442586 2.748893571891069 2.9452431127404308 0.78539816339744828 0.98174770424681035 7 1.5857127054723779
1.5707963267948966 1.6689710972195777 2.748893571891069 2.9452431127404308 0.78539816339744828 0.98174770424681035 4 0.8477590650148068
1.7671458676442586 1.9634954084936207 2.5525440310417071 2.748893571891069 1.1780972450961724 1.5707963267948966 7 0.87650733076088239
1.7671458676442586 1.9634954084936207 2.3561944901923448 2.5525440310417071 1.1780972450961724 1.5707963267948966 3 0.5774415775511651
1.5707963267948966 1.7671458676442586 2.5525440310417071 2.748893571891069 1.3744467859455345 1.5707963267948966 4 0.70710678117801284
1.6689710972195777 1.7671458676442586 2.5525440310417071 2.748893571891069 1.1780972450961724 1.3744467859455345 7 1.3799270343582948
1.5707963267948966 1.6689710972195777 2.5525440310417071 2.748893571891069 1.1780972450961724 1.3744467859455345 5 0.65404300337156462
1.6689710972195777 1.7671458676442586 2.454369260617026 2.5525440310417071 1.4726215563702154 1.5707963267948966 3 0.68046532127688564
1.6689710972195777 1.7671458676442586 2.454369260617026 2.5525440310417071 1.3744467859455345 1.4726215563702154 5 0.72233818367775204
1.5707963267948966 1.6689710972195777 2.454369260617026 2.5525440310417071 1.3744467859455345 1.5707963267948966 4 0.70710678117930936
1.5707963267948966 1.7671458676442586 2.3561944901923448 2.454369260617026 1.3744467859455345 1.5707963267948966 8 1.4142135623636833
1.5707963267948966 1.7671458676442586 2.3561944901923448 2.5525440310417071 1.1780972450961724 1.3744467859455345 5 0.58274395006246715
1.7671458676442586 1.9634954084936207 2.5525440310417071 2.748893571891069 0.78539816339744828 1.1780972450961724 7 1.4938238983948686
1.7671458676442586 1.9634954084936207 2.3561944901923448 2.5525440310417071 0.78539816339744828 1.1780972450961724 3 0.50132111006283453
1.5707963267948966 1.7671458676442586 2.5525440310417071 2.748893571891069 0.78539816339744828 1.1780972450961724 7 0.72845703366453396
1.6689710972195777 1.7671458676442586 2.454369260617026 2.5525440310417071 0.98174770424681035 1.1780972450961724 7 0.69006885529362672
1.5707963267948966 1.6689710972195777 2.454369260617026 2.5525440310417071 0.98174770424681035 1.1780972450961724 5 1.166177519820226
1.6689710972195777 1.7671458676442586 2.3561944901923448 2.454369260617026 0.98174770424681035 1.1780972450961724 3 0.52336282815224378
1.5707963267948966 1.6689710972195777 2.3561944901923448 2.454369260617026 0.98174770424681035 1.1780972450961724 5 0.66651041072806738
1.5707963267948966 1.7671458676442586 2.454369260617026 2.5525440310417071 0.78539816339744828 0.98174770424681035 7 0.5110725005177339
1.5707963267948966 1.7671458676442586 2.3561944901923448 2.454369260617026 0.78539816339744828 0.98174770424681035 8 1.4142135623636842
2.1598449493429825 2.3561944901923448 2.748893571891069 3.1415926535897931 0.39269908169872414 0.78539816339744828 2 0.64884669763365188
1.9634954084936207 2.1598449493429825 2.9452431127404308 3.1415926535897931 0.39269908169872414 0.78539816339744828 6 1.1795804270950065
1.9634954084936207 2.1598449493429825 2.748893571891069 2.9452431127404308 0.58904862254808621 0.78539816339744828 9 1.7111177417724073
1.9634954084936207 2.1598449493429825 2.748893571891069 2.9452431127404308 0.49087385212340517 0.58904862254808621 9 0.86526283149821759
1.9634954084936207 2.1598449493429825 2.748893571891069 2.9452431127404308 0.39269908169872414 0.49087385212340517 2 0.55557023301094188
1.9634954084936207 2.3561944901923448 2.748893571891069 3.1415926535897931 0 0.39269908169872414 2 0.70710678117801151
2.2580197197676637 2.3561944901923448 2.6507188014663878 2.748893571891069 0.68722339297276724 0.78539816339744828 2 0.72095982199732156
2.2580197197676637 2.3561944901923448 2.5525440310417071 2.6507188014663878 0.68722339297276724 0.78539816339744828 3 0.51107250051831599
2.2580197197676637 2.3561944901923448 2.5525440310417071 2.748893571891069 0.58904862254808621 0.68722339297276724 2 0.57027654270426043
2.1598449493429825 2.2580197197676637 2.6507188014663878 2.748893571891069 0.68722339297276724 0.78539816339744828 9 1.483710416344993
2.1598449493429825 2.2580197197676637 2.5525440310417071 2.6507188014663878 0.68722339297276724 0.78539816339744828 3 0.86070146684240212
2.1598449493429825 2.2580197197676637 2.5525440310417071 2.748893571891069 0.58904862254808621 0.68722339297276724 3 0.52707892713186011
2.2580197197676637 2.3561944901923448 2.5525440310417071 2.748893571891069 0.39269908169872414 0.58904862254808621 2 0.75786965305327891
2.1598449493429825 2.2580197197676637 2.5525440310417071 2.748893571891069 0.39269908169872414 0.58904862254808621 3 0.80338534194163069
2.1598449493429825 2.3561944901923448 2.3561944901923448 2.5525440310417071 0.39269908169872414 0.78539816339744828 3 1.0972874252097204
2.0616701789183018 2.1598449493429825 2.5525440310417071 2.748893571891069 0.68722339297276724 0.78539816339744828 9 1.2589055397439592
1.9634954084936207 2.0616701789183018 2.5525440310417071 2.748893571891069 0.68722339297276724 0.78539816339744828 7 0.62858825185027445
1.9634954084936207 2.1598449493429825 2.5525440310417071 2.748893571891069 0.58904862254808621 0.68722339297276724 3 0.61099546345790035
1.9634954084936207 2.1598449493429825 2.5525440310417071 2.748893571891069 0.39269908169872414 0.58904862254808621 3 0.88730187826767093
1.9634954084936207 2.1598449493429825 2.3561944901923448 2.5525440310417071 0.39269908169872414 0.78539816339744828 3 1.5308329278598474
1.9634954084936207 2.3561944901923448 2.3561944901923448 2.748893571891069 0 0.39269908169872414 3 1.0315301299988195
1.7671458676442586 1.9634954084936207 3.043417883165112 3.1415926535897931 0.58904862254808621 0.78539816339744828 4 0.84775906501480791
1.8653206380689396 1.9634954084936207 2.9452431127404308 3.043417883165112 0.58904862254808621 0.78539816339744828 10 0.64884669763365621
1.7671458676442586 1.8653206380689396 2.9452431127404308 3.043417883165112 0.58904862254808621 0.78539816339744828 4 1.1795804270950114
1.7671458676442586 1.9634954084936207 2.9452431127404308 3.1415926535897931 0.39269908169872414 0.58904862254808621 4 0.70710678117742465
1.9144080232812801 1.9634954084936207 2.8470683423157501 2.9452431127404308 0.68722339297276724 0.78539816339744828 9 0.99915207655431182
1.8653206380689396 1.9144080232812801 2.8470683423157501 2.9452431127404308 0.68722339297276724 0.78539816339744828 7 1.0509544059819136
1.8653206380689396 1.9634954084936207 2.748893571891069 2.8470683423157501 0.68722339297276724 0.78539816339744828 7 1.8061774787021343
1.9144080232812801 1.9634954084936207 2.8470683423157501 2.9452431127404308 0.58904862254808621 0.68722339297276724 9 0.84761552838724152
1.8653206380689396 1.9144080232812801 2.8470683423157501 2.9452431127404308 0.58904862254808621 0.68722339297276724 10 0.78377972295397957
1.8653206380689396 1.9634954084936207 2.748893571891069 2.8470683423157501 0.58904862254808621 0.68722339297276724 7 1.152590105353136
1.7671458676442586 1.8653206380689396 2.748893571891069 2.9452431127404308 0.58904862254808621 0.78539816339744828 7 0.81809165163612707
1.9144080232812801 1.9634954084936207 2.8961557275280905 2.9452431127404308 0.53996123733574564 0.58904862254808621 2 0.60050505432818957
1.9144080232812801 1.9634954084936207 2.8470683423157501 2.8961557275280905 0.53996123733574564 0.58904862254808621 9 1.2399937347758074
1.9144080232812801 1.9634954084936207 2.8470683423157501 2.9452431127404308 0.49087385212340517 0.53996123733574564 2 0.5883150546973519
1.8653206380689396 1.9144080232812801 2.8470683423157501 2.9452431127404308 0.49087385212340517 0.58904862254808621 11 0.55413514120895313
1.8653206380689396 1.9634954084936207 2.748893571891069 2.8470683423157501 0.49087385212340517 0.58904862254808621 7 0.75122000264107036
1.8653206380689396 1.9634954084936207 2.8470683423157501 2.9452431127404308 0.39269908169872414 0.49087385212340517 2 0.55557023301154806
1.8653206380689396 1.9634954084936207 2.748893571891069 2.8470683423157501 0.39269908169872414 0.49087385212340517 7 0.70816033837356951
1.7671458676442586 1.8653206380689396 2.748893571891069 2.9452431127404308 0.49087385212340517 0.58904862254808621 11 1.2037258682251037
1.7671458676442586 1.8653206380689396 2.8470683423157501 2.9452431127404308 0.39269908169872414 0.49087385212340517 4 1.148050297085651
1.7671458676442586 1.8653206380689396 2.748893571891069 2.8470683423157501 0.39269908169872414 0.49087385212340517 7 1.7066360023410052
1.5707963267948966 1.7671458676442586 2.9452431127404308 3.1415926535897931 0.39269908169872414 0.78539816339744828 4 1.8284271247383597
1.6689710972195777 1.7671458676442586 2.748893571891069 2.9452431127404308 0.58904862254808621 0.78539816339744828 11 1.7211993081400601
1.5707963267948966 1.6689710972195777 2.748893571891069 2.9452431127404308 0.58904862254808621 0.78539816339744828 4 0.8477590650148068
1.5707963267948966 1.7671458676442586 2.748893571891069 2.9452431127404308 0.39269908169872414 0.58904862254808621 4 0.70710678117742554
1.7671458676442586 1.9634954084936207 2.9452431127404308 3.1415926535897931 0 0.39269908169872414 2 0.70710678117930914
1.8653206380689396 1.9634954084936207 2.8470683423157501 2.9452431127404308 0.2945243112740431 0.39269908169872414 2 0.70710678117861769
1.8653206380689396 1.9634954084936207 2.748893571891069 2.8470683423157501 0.2945243112740431 0.39269908169872414 3 0.65991777075453451
1.8653206380689396 1.9634954084936207 2.748893571891069 2.9452431127404308 0.19634954084936207 0.2945243112740431 2 0.58274395006246826
1.7671458676442586 1.8653206380689396 2.748893571891069 2.9452431127404308 0.19634954084936207 0.39269908169872414 4 0.76536686472033189
1.7671458676442586 1.9634954084936207 2.748893571891069 2.9452431127404308 0 0.19634954084936207 4 0.70710678117683989
1.5707963267948966 1.7671458676442586 2.748893571891069 3.1415926535897931 0 0.39269908169872414 4 1.4142135623636802
1.7671458676442586 1.9634954084936207 2.5525440310417071 2.748893571891069 0.39269908169872414 0.78539816339744828 7 0.87650733076088239
1.7671458676442586 1.9634954084936207 2.3561944901923448 2.5525440310417071 0.39269908169872414 0.78539816339744828 3 0.79421432887557997
1.5707963267948966 1.7671458676442586 2.5525440310417071 2.748893571891069 0.58904862254808621 0.78539816339744828 7 0.5555702330101141
1.6689710972195777 1.7671458676442586 2.5525440310417071 2.748893571891069 0.39269908169872414 0.58904862254808621 7 1.3799270343582948
1.5707963267948966 1.6689710972195777 2.5525440310417071 2.748893571891069 0.39269908169872414 0.58904862254808621 12 0.76536686472032567
1.6689710972195777 1.7671458676442586 2.454369260617026 2.5525440310417071 0.58904862254808621 0.78539816339744828 7 0.51718205463920686
1.5707963267948966 1.6689710972195777 2.454369260617026 2.5525440310417071 0.58904862254808621 0.78539816339744828 8 1.4142135623636816
1.5707963267948966 1.7671458676442586 2.3561944901923448 2.454369260617026 0.58904862254808621 0.78539816339744828 8 1.4142135623636838
1.6689710972195777 1.7671458676442586 2.454369260617026 2.5525440310417071 0.39269908169872414 0.58904862254808621 3 0.77565967651519685
1.5707963267948966 1.6689710972195777 2.454369260617026 2.5525440310417071 0.49087385212340517 0.58904862254808621 8 0.70710678117742698
1.6198837120072371 1.6689710972195777 2.454369260617026 2.5525440310417071 0.39269908169872414 0.49087385212340517 3 0.78165873326260493
1.5707963267948966 1.6198837120072371 2.454369260617026 2.5525440310417071 0.39269908169872414 0.49087385212340517 5 0.65490985828699677
1.5707963267948966 1.7671458676442586 2.3561944901923448 2.454369260617026 0.39269908169872414 0.58904862254808621 3 0.74770315162612244
1.7671458676442586 1.9634954084936207 2.3561944901923448 2.748893571891069 0 0.39269908169872414 3 0.72845703366467895
1.6689710972195777 1.7671458676442586 2.5525440310417071 2.748893571891069 0.19634954084936207 0.39269908169872414 7 1.4560475018466255
1.5707963267948966 1.6689710972195777 2.6507188014663878 2.748893571891069 0.2945243112740431 0.39269908169872414 4 1.0823922002837789
1.5707963267948966 1.6689710972195777 2.5525440310417071 2.6507188014663878 0.2945243112740431 0.39269908169872414 12 1.2557008945833465
1.5707963267948966 1.6689710972195777 2.5525440310417071 2.748893571891069 0.19634954084936207 0.2945243112740431 4 0.8162289350064651
1.5707963267948966 1.7671458676442586 2.5525440310417071 2.748893571891069 0 0.19634954084936207 4 0.70710678117801307
1.5707963267948966 1.7671458676442586 2.3561944901923448 2.5525440310417071 0 0.39269908169872414 3 0.77286407638745946
1.9634954084936207 2.3561944901923448 1.9634954084936207 2.3561944901923448 2.3561944901923448 3.1415926535897931 3 1.8284271247383623
2.1598449493429825 2.3561944901923448 1.7671458676442586 1.9634954084936207 2.748893571891069 3.1415926535897931 3 1.5253540284042217
2.2580197197676637 2.3561944901923448 1.5707963267948966 1.7671458676442586 2.9452431127404308 3.1415926535897931 8 1.4142135623636809
2.1598449493429825 2.2580197197676637 1.5707963267948966 1.7671458676442586 2.9452431127404308 3.1415926535897931 3 0.76384252868876668
2.1598449493429825 2.3561944901923448 1.5707963267948966 1.7671458676442586 2.748893571891069 2.9452431127404308 3 0.58274395006158086
1.9634954084936207 2.1598449493429825 1.5707963267948966 1.9634954084936207 2.748893571891069 3.1415926535897931 3 0.84775906501480702
1.9634954084936207 2.3561944901923448 1.5707963267948966 1.9634954084936207 2.3561944901923448 2.748893571891069 3 1.0315301299986668
1.7671458676442586 1.9634954084936207 1.9634954084936207 2.3561944901923448 2.748893571891069 3.1415926535897931 3 1.5253540284042217
1.5707963267948966 1.7671458676442586 2.2580197197676637 2.3561944901923448 2.9452431127404308 3.1415926535897931 8 1.4142135623636809
1.5707963267948966 1.7671458676442586 2.1598449493429825 2.2580197197676637 2.9452431127404308 3.1415926535897931 3 0.76384252868876668
1.5707963267948966 1.7671458676442586 2.1598449493429825 2.3561944901923448 2.748893571891069 2.9452431127404308 3 0.58274395006158086
1.5707963267948966 1.7671458676442586 1.9634954084936207 2.1598449493429825 2.748893571891069 3.1415926535897931 3 0.84775906501480702
1.5707963267948966 1.9634954084936207 1.9634954084936207 2.3561944901923448 2.3561944901923448 2.748893571891069 3 1.0315301299986668
1.7671458676442586 1.9634954084936207 1.7671458676442586 1.9634954084936207 2.748893571891069 3.1415926535897931 3 1.2222809320700811
1.7671458676442586 1.9634954084936207 1.5707963267948966 1.7671458676442586 2.748893571891069 3.1415926535897931 4 1.4142135623636811
1.5707963267948966 1.7671458676442586 1.5707963267948966 1.9634954084936207 2.748893571891069 3.1415926535897931 4 1.4142135623636811
1.7671458676442586 1.9634954084936207 1.5707963267948966 1.9634954084936207 2.3561944901923448 2.748893571891069 3 0.72845703366452619
1.5707963267948966 1.7671458676442586 1.7671458676442586 1.9634954084936207 2.3561944901923448 2.748893571891069 3 0.72845703366452619
1.5707963267948966 1.7671458676442586 1.5707963267948966 1.7671458676442586 2.3561944901923448 2.748893571891069 4 1.8284271247383623
1.9634954084936207 2.3561944901923448 1.5707963267948966 2.3561944901923448 1.5707963267948966 2.3561944901923448 3 1.4142135623636805
1.5707963267948966 1.9634954084936207 1.9634954084936207 2.3561944901923448 1.5707963267948966 2.3561944901923448 3 1.4142135623636805
1.5707963267948966 1.9634954084936207 1.5707963267948966 1.9634954084936207 1.9634954084936207 2.3561944901923448 3 0.70710678117683956
1.7671458676442586 1.9634954084936207 1.5707963267948966 1.9634954084936207 1.5707963267948966 1.9634954084936207 3 1.1111404660295399
1.5707963267948966 1.7671458676442586 1.5707963267948966 1.9634954084936207 1.5707963267948966 1.9634954084936207 4 1.414213562363682
1.9634954084936207 2.3561944901923448 1.9634954084936207 2.3561944901923448 0.78539816339744828 1.5707963267948966 3 1.8284271247383623
2.1598449493429825 2.3561944901923448 1.7671458676442586 1.9634954084936207 1.1780972450961724 1.5707963267948966 3 1.6014744958925524
2.1598449493429825 2.3561944901923448 1.5707963267948966 1.7671458676442586 1.3744467859455345 1.5707963267948966 3 0.85864332934424692
2.2580197197676637 2.3561944901923448 1.5707963267948966 1.7671458676442586 1.1780972450961724 1.3744467859455345 11 0.58274395006158131
2.1598449493429825 2.2580197197676637 1.5707963267948966 1.7671458676442586 1.1780972450961724 1.3744467859455345 3 0.83996299617709724
1.9634954084936207 2.1598449493429825 1.5707963267948966 1.9634954084936207 1.1780972450961724 1.5707963267948966 3 0.92387953250313759
2.1598449493429825 2.3561944901923448 1.7671458676442586 1.9634954084936207 0.78539816339744828 1.1780972450961724 3 1.5253540284042217
2.2580197197676637 2.3561944901923448 1.5707963267948966 1.7671458676442586 0.98174770424681035 1.1780972450961724 11 1.2191232403475731
2.1598449493429825 2.2580197197676637 1.5707963267948966 1.7671458676442586 0.98174770424681035 1.1780972450961724 3 0.76384252868876668
2.2580197197676637 2.3561944901923448 1.5707963267948966 1.7671458676442586 0.78539816339744828 0.98174770424681035 8 1.4142135623636822
2.1598449493429825 2.2580197197676637 1.5707963267948966 1.7671458676442586 0.78539816339744828 0.98174770424681035 3 0.78305724828534129
1.9634954084936207 2.1598449493429825 1.5707963267948966 1.9634954084936207 0.78539816339744828 1.1780972450961724 3 0.84775906501480702
1.7671458676442586 1.9634954084936207 1.9634954084936207 2.3561944901923448 1.1780972450961724 1.5707963267948966 3 1.6014744958925524
1.5707963267948966 1.7671458676442586 2.1598449493429825 2.3561944901923448 1.3744467859455345 1.5707963267948966 3 0.85864332934424692
1.5707963267948966 1.7671458676442586 2.2580197197676637 2.3561944901923448 1.1780972450961724 1.3744467859455345 11 0.58274395006158131
1.5707963267948966 1.7671458676442586 2.1598449493429825 2.2580197197676637 1.1780972450961724 1.3744467859455345 3 0.83996299617709724
1.5707963267948966 1.7671458676442586 1.9634954084936207 2.1598449493429825 1.1780972450961724 1.5707963267948966 3 0.92387953250313759
1.7671458676442586 1.9634954084936207 1.9634954084936207 2.3561944901923448 0.78539816339744828 1.1780972450961724 3 1.5253540284042217
1.5707963267948966 1.7671458676442586 2.2580197197676637 2.3561944901923448 0.98174770424681035 1.1780972450961724 11 1.2191232403475731
1.5707963267948966 1.7671458676442586 2.1598449493429825 2.2580197197676637 0.98174770424681035 1.1780972450961724 3 0.76384252868876668
1.5707963267948966 1.7671458676442586 2.2580197197676637 2.3561944901923448 0.78539816339744828 0.98174770424681035 8 1.4142135623636822
1.5707963267948966 1.7671458676442586 2.1598449493429825 2.2580197197676637 0.78539816339744828 0.98174770424681035 3 0.78305724828534129
1.5707963267948966 1.7671458676442586 1.9634954084936207 2.1598449493429825 0.78539816339744828 1.1780972450961724 3 0.84775906501480702
1.7671458676442586 1.9634954084936207 1.7671458676442586 1.9634954084936207 1.1780972450961724 1.5707963267948966 3 1.2984013995584118
1.7671458676442586 1.9634954084936207 1.5707963267948966 1.7671458676442586 1.1780972450961724 1.5707963267948966 4 1.4142135623636816
1.5707963267948966 1.7671458676442586 1.5707963267948966 1.9634954084936207 1.1780972450961724 1.5707963267948966 4 1.4142135623636816
1.7671458676442586 1.9634954084936207 1.7671458676442586 1.9634954084936207 0.78539816339744828 1.1780972450961724 3 1.2222809320700811
1.7671458676442586 1.9634954084936207 1.5707963267948966 1.7671458676442586 0.98174770424681035 1.1780972450961724 4 0.70710678117742698
1.7671458676442586 1.9634954084936207 1.5707963267948966 1.7671458676442586 0.78539816339744828 0.98174770424681035 7 1.4724736459071728
1.5707963267948966 1.7671458676442586 1.7671458676442586 1.9634954084936207 0.98174770424681035 1.1780972450961724 4 0.70710678117742698
1.5707963267948966 1.7671458676442586 1.7671458676442586 1.9634954084936207 0.78539816339744828 0.98174770424681035 7 1.4724736459071728
1.5707963267948966 1.7671458676442586 1.5707963267948966 1.7671458676442586 0.78539816339744828 1.1780972450961724 4 1.8284271247383623
1.9634954084936207 2.3561944901923448 1.5707963267948966 2.3561944901923448 0 0.78539816339744828 3 0.70710678117742598
1.5707963267948966 1.9634954084936207 1.9634954084936207 2.3561944901923448 0 0.78539816339744828 3 0.70710678117742598
1.7671458676442586 1.9634954084936207 1.7671458676442586 1.9634954084936207 0.39269908169872414 0.78539816339744828 3 1.5151741508828267
1.8653206380689396 1.9634954084936207 1.5707963267948966 1.7671458676442586 0.58904862254808621 0.78539816339744828 3 0.83891412552994915
1.7671458676442586 1.8653206380689396 1.5707963267948966 1.7671458676442586 0.58904862254808621 0.78539816339744828 4 1.1795804270950141
1.7671458676442586 1.9634954084936207 1.5707963267948966 1.7671458676442586 0.39269908169872414 0.58904862254808621 3 0.91605014401343099
1.6689710972195777 1.7671458676442586 1.7671458676442586 1.9634954084936207 0.58904862254808621 0.78539816339744828 3 0.98460303935229765
1.5707963267948966 1.6689710972195777 1.7671458676442586 1.9634954084936207 0.58904862254808621 0.78539816339744828 4 0.84775906501480836
1.5707963267948966 1.7671458676442586 1.7671458676442586 1.9634954084936207 0.39269908169872414 0.58904862254808621 3 0.91605014401343099
1.5707963267948966 1.7671458676442586 1.5707963267948966 1.7671458676442586 0.39269908169872414 0.78539816339744828 4 1.8284271247383623
1.7671458676442586 1.9634954084936207 1.5707963267948966 1.9634954084936207 0 0.39269908169872414 3 1.4938238983947059
1.5707963267948966 1.7671458676442586 1.5707963267948966 1.9634954084936207 0 0.39269908169872414 4 1.4142135623636818
2.2580197197676637 2.3561944901923448 1.3744467859455345 1.5707963267948966 2.9452431127404308 3.1415926535897931 8 1.4142135623636789
2.1598449493429825 2.2580197197676637 1.3744467859455345 1.5707963267948966 3.043417883165112 3.1415926535897931 8 0.70710678117683778
2.1598449493429825 2.2580197197676637 1.4726215563702154 1.5707963267948966 2.9452431127404308 3.043417883165112 4 0.7071067811793087
2.1598449493429825 2.2580197197676637 1.3744467859455345 1.4726215563702154 2.9452431127404308 3.043417883165112 9 1.107661903211929
2.2580197197676637 2.3561944901923448 1.4726215563702154 1.5707963267948966 2.748893571891069 2.9452431127404308 8 1.8284271247383597
2.2580197197676637 2.3561944901923448 1.3744467859455345 1.4726215563702154 2.748893571891069 2.9452431127404308 5 0.96779259513180704
2.1598449493429825 2.2580197197676637 1.4726215563702154 1.5707963267948966 2.8470683423157501 2.9452431127404308 8 0.70710678117742387
2.1598449493429825 2.2580197197676637 1.4726215563702154 1.5707963267948966 2.748893571891069 2.8470683423157501 3 0.54887989001550896
2.1598449493429825 2.2580197197676637 1.3744467859455345 1.4726215563702154 2.748893571891069 2.9452431127404308 9 1.9371455093914964
2.2580197197676637 2.3561944901923448 1.1780972450961724 1.3744467859455345 2.9452431127404308 3.1415926535897931 5 1.2435085791059879
2.1598449493429825 2.2580197197676637 1.1780972450961724 1.3744467859455345 2.9452431127404308 3.1415926535897931 6 0.72845703366467829
2.1598449493429825 2.3561944901923448 1.1780972450961724 1.3744467859455345 2.748893571891069 2.9452431127404308 5 0.71718834754432559
1.9634954084936207 2.1598449493429825 1.3744467859455345 1.5707963267948966 2.9452431127404308 3.1415926535897931 4 0.7071067811780124
1.9634954084936207 2.1598449493429825 1.3744467859455345 1.5707963267948966 2.748893571891069 2.9452431127404308 9 0.96045718673648672
1.9634954084936207 2.1598449493429825 1.1780972450961724 1.3744467859455345 2.9452431127404308 3.1415926535897931 6 1.0315301299988151
1.9634954084936207 2.1598449493429825 1.2762720155208536 1.3744467859455345 2.748893571891069 2.9452431127404308 9 1.9032506603887165
1.9634954084936207 2.1598449493429825 1.1780972450961724 1.2762720155208536 2.748893571891069 2.9452431127404308 6 1.0972874252097196
2.2580197197676637 2.3561944901923448 1.3744467859455345 1.5707963267948966 2.5525440310417071 2.748893571891069 5 0.96325278686417515
2.1598449493429825 2.2580197197676637 1.4726215563702154 1.5707963267948966 2.5525440310417071 2.748893571891069 3 0.80058974181391296
2.1598449493429825 2.2580197197676637 1.3744467859455345 1.4726215563702154 2.5525440310417071 2.748893571891069 5 0.93529626197517746
2.2580197197676637 2.3561944901923448 1.3744467859455345 1.5707963267948966 2.3561944901923448 2.5525440310417071 5 1.2876761356858477
2.1598449493429825 2.2580197197676637 1.3744467859455345 1.5707963267948966 2.3561944901923448 2.5525440310417071 3 0.84779238466504692
2.1598449493429825 2.3561944901923448 1.1780972450961724 1.3744467859455345 2.3561944901923448 2.748893571891069 5 1.6554420129289253
1.9634954084936207 2.1598449493429825 1.4726215563702154 1.5707963267948966 2.5525440310417071 2.748893571891069 3 0.88450627813995331
1.9634954084936207 2.1598449493429825 1.3744467859455345 1.4726215563702154 2.5525440310417071 2.748893571891069 9 1.7558175384271082
1.9634954084936207 2.1598449493429825 1.3744467859455345 1.5707963267948966 2.3561944901923448 2.5525440310417071 3 0.93170892099108726
1.9634954084936207 2.1598449493429825 1.2762720155208536 1.3744467859455345 2.5525440310417071 2.748893571891069 9 1.1525901053531324
1.9634954084936207 2.1598449493429825 1.1780972450961724 1.2762720155208536 2.5525440310417071 2.748893571891069 6 0.80439420639697268
1.9634954084936207 2.1598449493429825 1.1780972450961724 1.3744467859455345 2.3561944901923448 2.5525440310417071 5 0.52228694076148041
2.1598449493429825 2.3561944901923448 0.98174770424681035 1.1780972450961724 2.748893571891069 3.1415926535897931 6 0.70710678117742898
2.2580197197676637 2.3561944901923448 0.78539816339744828 0.98174770424681035 2.9452431127404308 3.1415926535897931 8 1.4142135623636805
2.1598449493429825 2.2580197197676637 0.78539816339744828 0.98174770424681035 2.9452431127404308 3.1415926535897931 6 1.4938238983947054
2.2580197197676637 2.3561944901923448 0.88357293382212931 0.98174770424681035 2.8470683423157501 2.9452431127404308 6 0.91605014401343243
2.3071071049800045 2.3561944901923448 0.88357293382212931 0.98174770424681035 2.748893571891069 2.8470683423157501 8 0.84775906501481035
2.2580197197676637 2.3071071049800045 0.88357293382212931 0.98174770424681035 2.748893571891069 2.8470683423157501 6 0.98460303935229732
2.2580197197676637 2.3561944901923448 0.78539816339744828 0.88357293382212931 2.748893571891069 2.9452431127404308 8 1.8284271247383623
2.1598449493429825 2.2580197197676637 0.88357293382212931 0.98174770424681035 2.748893571891069 2.9452431127404308 6 1.5151741508828294
2.1598449493429825 2.2580197197676637 0.78539816339744828 0.88357293382212931 2.8470683423157501 2.9452431127404308 6 0.91605014401343221
2.1598449493429825 2.2580197197676637 0.78539816339744828 0.88357293382212931 2.748893571891069 2.8470683423157501 9 0.88192126433891216
1.9634954084936207 2.1598449493429825 0.78539816339744828 1.1780972450961724 2.748893571891069 3.1415926535897931 6 0.70710678117742498
2.2580197197676637 2.3561944901923448 0.98174770424681035 1.1780972450961724 2.5525440310417071 2.748893571891069 5 1.3534334308964695
2.1598449493429825 2.2580197197676637 0.98174770424681035 1.1780972450961724 2.5525440310417071 2.748893571891069 6 1.5253540284042231
2.1598449493429825 2.3561944901923448 0.98174770424681035 1.1780972450961724 2.3561944901923448 2.5525440310417071 5 0.70710678117691295
2.2580197197676637 2.3561944901923448 0.88357293382212931 0.98174770424681035 2.6507188014663878 2.748893571891069 7 0.59644930376529548
2.2580197197676637 2.3561944901923448 0.88357293382212931 0.98174770424681035 2.5525440310417071 2.6507188014663878 5 0.77301045335327234
2.2580197197676637 2.3561944901923448 0.78539816339744828 0.88357293382212931 2.5525440310417071 2.748893571891069 8 1.8284271247383623
2.1598449493429825 2.2580197197676637 0.88357293382212931 0.98174770424681035 2.5525440310417071 2.748893571891069 6 1.2222809320700825
2.2089323345553229 2.2580197197676637 0.78539816339744828 0.88357293382212931 2.6507188014663878 2.748893571891069 8 1.1795804270950092
2.1598449493429825 2.2089323345553229 0.78539816339744828 0.88357293382212931 2.6507188014663878 2.748893571891069 6 0.56523562631378221
2.1598449493429825 2.2580197197676637 0.78539816339744828 0.88357293382212931 2.5525440310417071 2.6507188014663878 8 0.70710678117742753
2.2580197197676637 2.3561944901923448 0.78539816339744828 0.98174770424681035 2.3561944901923448 2.5525440310417071 8 1.4142135623636822
2.1598449493429825 2.2580197197676637 0.88357293382212931 0.98174770424681035 2.454369260617026 2.5525440310417071 6 1.2984013995584127
2.1598449493429825 2.2580197197676637 0.78539816339744828 0.88357293382212931 2.454369260617026 2.5525440310417071 8 1.4142135623636805
2.1598449493429825 2.2580197197676637 0.78539816339744828 0.98174770424681035 2.3561944901923448 2.454369260617026 6 0.55557023301010833
1.9634954084936207 2.1598449493429825 0.98174770424681035 1.1780972450961724 2.3561944901923448 2.748893571891069 6 1.8284271247383597
1.9634954084936207 2.1598449493429825 0.88357293382212931 0.98174770424681035 2.5525440310417071 2.748893571891069 6 1.5253540284042195
2.0616701789183018 2.1598449493429825 0.78539816339744828 0.88357293382212931 2.5525440310417071 2.748893571891069 6 0.8477590650148088
1.9634954084936207 2.0616701789183018 0.78539816339744828 0.88357293382212931 2.5525440310417071 2.748893571891069 7 1.3892144408746159
1.9634954084936207 2.1598449493429825 0.88357293382212931 0.98174770424681035 2.454369260617026 2.5525440310417071 6 1.6014744958925498
2.0616701789183018 2.1598449493429825 0.78539816339744828 0.88357293382212931 2.454369260617026 2.5525440310417071 6 0.92387953250313914
1.9634954084936207 2.0616701789183018 0.78539816339744828 0.88357293382212931 2.454369260617026 2.5525440310417071 7 0.73562706752528872
1.9634954084936207 2.1598449493429825 0.78539816339744828 0.98174770424681035 2.3561944901923448 2.454369260617026 6 0.85864332934424514
1.7671458676442586 1.9634954084936207 1.3744467859455345 1.5707963267948966 2.748893571891069 3.1415926535897931 4 1.4142135623636805
1.7671458676442586 1.9634954084936207 1.1780972450961724 1.3744467859455345 2.748893571891069 3.1415926535897931 10 0.53073372945166808
1.5707963267948966 1.7671458676442586 1.1780972450961724 1.5707963267948966 2.748893571891069 3.1415926535897931 4 1.41421356236368
1.7671458676442586 1.9634954084936207 1.3744467859455345 1.5707963267948966 2.5525440310417071 2.748893571891069 4 0.70710678117742676
1.8653206380689396 1.9634954084936207 1.3744467859455345 1.5707963267948966 2.454369260617026 2.5525440310417071 3 0.62997076269348395
1.7671458676442586 1.8653206380689396 1.3744467859455345 1.5707963267948966 2.454369260617026 2.5525440310417071 4 1.2557008945833439
1.8653206380689396 1.9634954084936207 1.3744467859455345 1.5707963267948966 2.3561944901923448 2.454369260617026 3 0.90627717750345305
1.7671458676442586 1.8653206380689396 1.3744467859455345 1.5707963267948966 2.3561944901923448 2.454369260617026 4 1.1795804270950132
1.7671458676442586 1.9634954084936207 1.1780972450961724 1.3744467859455345 2.3561944901923448 2.748893571891069 10 0.82362694826441618
1.5707963267948966 1.7671458676442586 1.3744467859455345 1.5707963267948966 2.3561944901923448 2.748893571891069 4 1.8284271247383614
1.5707963267948966 1.7671458676442586 1.1780972450961724 1.3744467859455345 2.5525440310417071 2.748893571891069 4 0.70710678117742631
1.5707963267948966 1.7671458676442586 1.1780972450961724 1.3744467859455345 2.3561944901923448 2.5525440310417071 5 0.70710678117861769
1.7671458676442586 1.9634954084936207 0.98174770424681035 1.1780972450961724 2.9452431127404308 3.1415926535897931 6 1.0315301299988162
1.8653206380689396 1.9634954084936207 0.98174770424681035 1.1780972450961724 2.748893571891069 2.9452431127404308 6 1.0972874252097207
1.7671458676442586 1.8653206380689396 0.98174770424681035 1.1780972450961724 2.748893571891069 2.9452431127404308 7 0.80338534194163747
1.7671458676442586 1.9634954084936207 0.78539816339744828 0.98174770424681035 2.748893571891069 3.1415926535897931 7 1.1795804270950141
1.5707963267948966 1.7671458676442586 0.98174770424681035 1.1780972450961724 2.9452431127404308 3.1415926535897931 4 0.70710678117801107
1.6689710972195777 1.7671458676442586 0.98174770424681035 1.1780972450961724 2.748893571891069 2.9452431127404308 11 1.6554420129289293
1.5707963267948966 1.6689710972195777 1.0799224746714913 1.1780972450961724 2.748893571891069 2.9452431127404308 4 1.0823922002837787
1.5707963267948966 1.6689710972195777 0.98174770424681035 1.0799224746714913 2.748893571891069 2.9452431127404308 12 1.1795804270950092
1.5707963267948966 1.7671458676442586 0.78539816339744828 0.98174770424681035 3.043417883165112 3.1415926535897931 8 0.70710678117684178
1.5707963267948966 1.7671458676442586 0.78539816339744828 0.98174770424681035 2.9452431127404308 3.043417883165112 7 0.64120310900131061
1.5707963267948966 1.7671458676442586 0.78539816339744828 0.98174770424681035 2.748893571891069 2.9452431127404308 7 1.2191232403475754
1.7671458676442586 1.9634954084936207 0.98174770424681035 1.1780972450961724 2.5525440310417071 2.748893571891069 7 0.55557023301008035
1.8653206380689396 1.9634954084936207 0.98174770424681035 1.1780972450961724 2.454369260617026 2.5525440310417071 6 0.88051467388530413
1.7671458676442586 1.8653206380689396 0.98174770424681035 1.1780972450961724 2.454369260617026 2.5525440310417071 7 0.90045852362818901
1.8653206380689396 1.9634954084936207 0.98174770424681035 1.1780972450961724 2.3561944901923448 2.454369260617026 6 1.2488239733765409
1.7671458676442586 1.8653206380689396 1.0799224746714913 1.1780972450961724 2.3561944901923448 2.454369260617026 11 1.0597019488026831
1.7671458676442586 1.8653206380689396 0.98174770424681035 1.0799224746714913 2.3561944901923448 2.454369260617026 6 0.5268219672643456
1.7671458676442586 1.9634954084936207 0.78539816339744828 0.98174770424681035 2.3561944901923448 2.748893571891069 7 1.472473645907761
1.6689710972195777 1.7671458676442586 0.98174770424681035 1.1780972450961724 2.5525440310417071 2.748893571891069 7 1.0589899366074929
1.5707963267948966 1.6689710972195777 0.98174770424681035 1.1780972450961724 2.5525440310417071 2.748893571891069 12 0.76536686472032922
1.6689710972195777 1.7671458676442586 1.0799224746714913 1.1780972450961724 2.454369260617026 2.5525440310417071 5 0.5627876794464608
1.6689710972195777 1.7671458676442586 0.98174770424681035 1.0799224746714913 2.454369260617026 2.5525440310417071 7 1.7513387824972062
1.5707963267948966 1.6689710972195777 1.0799224746714913 1.1780972450961724 2.454369260617026 2.5525440310417071 5 1.2829334303989035
1.5707963267948966 1.6689710972195777 0.98174770424681035 1.0799224746714913 2.454369260617026 2.5525440310417071 12 1.7968969947289959
1.6689710972195777 1.7671458676442586 0.98174770424681035 1.1780972450961724 2.3561944901923448 2.454369260617026 11 0.98247390330934503
1.5707963267948966 1.6689710972195777 1.0799224746714913 1.1780972450961724 2.3561944901923448 2.454369260617026 5 1.033099875852824
1.5707963267948966 1.6689710972195777 0.98174770424681035 1.0799224746714913 2.3561944901923448 2.454369260617026 8 0.70710678117801429
1.5707963267948966 1.7671458676442586 0.78539816339744828 0.98174770424681035 2.3561944901923448 2.748893571891069 7 0.70710678117742631
2.1598449493429825 2.3561944901923448 1.3744467859455345 1.5707963267948966 1.9634954084936207 2.3561944901923448 3 1.0101798775116544
2.1598449493429825 2.3561944901923448 1.1780972450961724 1.3744467859455345 2.1598449493429825 2.3561944901923448 5 1.077668258547648
2.2580197197676637 2.3561944901923448 1.1780972450961724 1.3744467859455345 1.9634954084936207 2.1598449493429825 5 1.3196290465943186
2.1598449493429825 2.2580197197676637 1.1780972450961724 1.3744467859455345 1.9634954084936207 2.1598449493429825 3 0.83996299617833214
1.9634954084936207 2.1598449493429825 1.1780972450961724 1.5707963267948966 1.9634954084936207 2.3561944901923448 3 0.70710678117930925
2.1598449493429825 2.3561944901923448 1.3744467859455345 1.5707963267948966 1.7671458676442586 1.9634954084936207 3 0.85864332934458409
2.2580197197676637 2.3561944901923448 1.3744467859455345 1.5707963267948966 1.5707963267948966 1.7671458676442586 8 1.4142135623636805
2.1598449493429825 2.2580197197676637 1.3744467859455345 1.5707963267948966 1.5707963267948966 1.7671458676442586 3 0.65270206264889963
2.2580197197676637 2.3561944901923448 1.1780972450961724 1.3744467859455345 1.7671458676442586 1.9634954084936207 5 1.2435085791059879
2.1598449493429825 2.2580197197676637 1.2762720155208536 1.3744467859455345 1.7671458676442586 1.9634954084936207 3 0.77339185498279517
2.1598449493429825 2.2580197197676637 1.1780972450961724 1.2762720155208536 1.7671458676442586 1.9634954084936207 6 1.1186376776968214
2.2580197197676637 2.3561944901923448 1.1780972450961724 1.3744467859455345 1.5707963267948966 1.7671458676442586 5 1.4120389668028872
2.1598449493429825 2.2580197197676637 1.2762720155208536 1.3744467859455345 1.6689710972195777 1.7671458676442586 3 0.5081062992175307
2.1598449493429825 2.2580197197676637 1.2762720155208536 1.3744467859455345 1.5707963267948966 1.6689710972195777 5 0.80136184373787922
2.1598449493429825 2.2580197197676637 1.1780972450961724 1.2762720155208536 1.5707963267948966 1.7671458676442586 5 0.62610880867948571
1.9634954084936207 2.1598449493429825 1.3744467859455345 1.5707963267948966 1.5707963267948966 1.9634954084936207 3 0.73661859897493998
1.9634954084936207 2.1598449493429825 1.1780972450961724 1.3744467859455345 1.7671458676442586 1.9634954084936207 3 0.55557023301223896
1.9634954084936207 2.1598449493429825 1.2762720155208536 1.3744467859455345 1.5707963267948966 1.7671458676442586 9 0.70816033837356507
1.9634954084936207 2.1598449493429825 1.1780972450961724 1.2762720155208536 1.5707963267948966 1.7671458676442586 6 0.80439420639697268
2.1598449493429825 2.3561944901923448 0.98174770424681035 1.1780972450961724 1.9634954084936207 2.3561944901923448 6 1.4142135623636827
2.2580197197676637 2.3561944901923448 0.78539816339744828 0.98174770424681035 2.1598449493429825 2.3561944901923448 8 1.4142135623636807
2.1598449493429825 2.2580197197676637 0.78539816339744828 0.98174770424681035 2.1598449493429825 2.3561944901923448 3 0.509378749069757
2.1598449493429825 2.3561944901923448 0.78539816339744828 0.98174770424681035 1.9634954084936207 2.1598449493429825 6 0.70710678117683978
1.9634954084936207 2.1598449493429825 0.78539816339744828 1.1780972450961724 1.9634954084936207 2.3561944901923448 3 0.55486584620264812
2.1598449493429825 2.3561944901923448 0.98174770424681035 1.1780972450961724 1.7671458676442586 1.9634954084936207 6 1.0315301299986677
2.2580197197676637 2.3561944901923448 0.98174770424681035 1.1780972450961724 1.5707963267948966 1.7671458676442586 11 1.0240329183314647
2.1598449493429825 2.2580197197676637 0.98174770424681035 1.1780972450961724 1.5707963267948966 1.7671458676442586 6 1.5253540284042231
2.2580197197676637 2.3561944901923448 0.88357293382212931 0.98174770424681035 1.7671458676442586 1.9634954084936207 6 0.72845703366452708
2.2580197197676637 2.3561944901923448 0.78539816339744828 0.88357293382212931 1.7671458676442586 1.9634954084936207 8 1.8284271247383623
2.1598449493429825 2.2580197197676637 0.78539816339744828 0.98174770424681035 1.7671458676442586 1.9634954084936207 6 0.72845703366452685
2.2580197197676637 2.3561944901923448 0.78539816339744828 0.98174770424681035 1.5707963267948966 1.7671458676442586 8 1.414213562363682
2.1598449493429825 2.2580197197676637 0.88357293382212931 0.98174770424681035 1.5707963267948966 1.7671458676442586 6 1.2222809320700825
2.1598449493429825 2.2580197197676637 0.78539816339744828 0.88357293382212931 1.5707963267948966 1.7671458676442586 8 1.4142135623636802
1.9634954084936207 2.1598449493429825 0.98174770424681035 1.1780972450961724 1.5707963267948966 1.9634954084936207 6 1.8284271247383597
1.9634954084936207 2.1598449493429825 0.78539816339744828 0.98174770424681035 1.7671458676442586 1.9634954084936207 6 1.0315301299986637
1.9634954084936207 2.1598449493429825 0.88357293382212931 0.98174770424681035 1.5707963267948966 1.7671458676442586 6 1.5253540284042195
1.9634954084936207 2.1598449493429825 0.78539816339744828 0.88357293382212931 1.6689710972195777 1.7671458676442586 6 0.58274395006157798
2.0616701789183018 2.1598449493429825 0.78539816339744828 0.88357293382212931 1.5707963267948966 1.6689710972195777 6 0.8477590650148088
1.9634954084936207 2.0616701789183018 0.78539816339744828 0.88357293382212931 1.5707963267948966 1.6689710972195777 7 0.83364420785484084
1.7671458676442586 1.9634954084936207 1.3744467859455345 1.5707963267948966 1.9634954084936207 2.3561944901923448 3 0.7071067811775138
1.7671458676442586 1.9634954084936207 1.1780972450961724 1.3744467859455345 1.9634954084936207 2.3561944901923448 10 0.53073372945166808
1.5707963267948966 1.7671458676442586 1.3744467859455345 1.5707963267948966 1.9634954084936207 2.3561944901923448 4 1.8284271247383614
1.6689710972195777 1.7671458676442586 1.1780972450961724 1.3744467859455345 2.2580197197676637 2.3561944901923448 11 0.70710678117862069
1.5707963267948966 1.6689710972195777 1.1780972450961724 1.3744467859455345 2.2580197197676637 2.3561944901923448 4 0.84775906501480724
1.6689710972195777 1.7671458676442586 1.2762720155208536 1.3744467859455345 2.1598449493429825 2.2580197197676637 4 1.2557008945833441
1.6689710972195777 1.7671458676442586 1.1780972450961724 1.2762720155208536 2.1598449493429825 2.2580197197676637 11 2.0540638272712539
1.5707963267948966 1.6689710972195777 1.1780972450961724 1.3744467859455345 2.1598449493429825 2.2580197197676637 4 0.92387953250313815
1.5707963267948966 1.7671458676442586 1.1780972450961724 1.3744467859455345 1.9634954084936207 2.1598449493429825 4 0.70710678117742687
1.7671458676442586 1.9634954084936207 1.3744467859455345 1.5707963267948966 1.5707963267948966 1.9634954084936207 4 1.4142135623636813
1.7671458676442586 1.9634954084936207 1.1780972450961724 1.3744467859455345 1.5707963267948966 1.9634954084936207 10 0.53073372945166808
1.5707963267948966 1.7671458676442586 1.1780972450961724 1.5707963267948966 1.5707963267948966 1.9634954084936207 4 1.4142135623636809
1.7671458676442586 1.9634954084936207 0.98174770424681035 1.1780972450961724 1.9634954084936207 2.3561944901923448 6 0.64884669763365266
1.7671458676442586 1.9634954084936207 0.78539816339744828 0.98174770424681035 1.9634954084936207 2.3561944901923448 7 1.1795804270950141
1.6689710972195777 1.7671458676442586 0.98174770424681035 1.1780972450961724 2.2580197197676637 2.3561944901923448 11 1.9798653617506041
1.5707963267948966 1.6689710972195777 1.0799224746714913 1.1780972450961724 2.2580197197676637 2.3561944901923448 5 0.61627777192048883
1.5707963267948966 1.6689710972195777 0.98174770424681035 1.0799224746714913 2.2580197197676637 2.3561944901923448 8 0.70710678117801329
1.6689710972195777 1.7671458676442586 0.98174770424681035 1.1780972450961724 2.1598449493429825 2.2580197197676637 11 1.4678489025799082
1.5707963267948966 1.6689710972195777 1.0799224746714913 1.1780972450961724 2.1598449493429825 2.2580197197676637 11 1.7411112287323471
1.5707963267948966 1.6689710972195777 0.98174770424681035 1.0799224746714913 2.1598449493429825 2.2580197197676637 12 1.7968969947289977
1.6689710972195777 1.7671458676442586 1.0799224746714913 1.1780972450961724 1.9634954084936207 2.1598449493429825 11 2.2089601313231828
1.6689710972195777 1.7671458676442586 0.98174770424681035 1.0799224746714913 1.9634954084936207 2.1598449493429825 6 0.89192662159644664
1.5707963267948966 1.6689710972195777 0.98174770424681035 1.1780972450961724 1.9634954084936207 2.1598449493429825 12 0.76536686472033066
1.5707963267948966 1.7671458676442586 0.78539816339744828 0.98174770424681035 2.2580197197676637 2.3561944901923448 8 0.70710678117684189
1.6689710972195777 1.7671458676442586 0.78539816339744828 0.98174770424681035 2.1598449493429825 2.2580197197676637 7 1.6830001306924265
1.5707963267948966 1.6689710972195777 0.78539816339744828 0.98174770424681035 2.1598449493429825 2.2580197197676637 8 1.41421356236368
1.5707963267948966 1.7671458676442586 0.78539816339744828 0.98174770424681035 1.9634954084936207 2.1598449493429825 7 0.58274395006157986
1.8653206380689396 1.9634954084936207 0.98174770424681035 1.1780972450961724 1.7671458676442586 1.9634954084936207 6 1.4217107740309594
1.7671458676442586 1.8653206380689396 0.98174770424681035 1.1780972450961724 1.7671458676442586 1.9634954084936207 7 1.3811590963229086
1.8653206380689396 1.9634954084936207 0.98174770424681035 1.1780972450961724 1.5707963267948966 1.7671458676442586 6 0.80439420639697379
1.7671458676442586 1.8653206380689396 0.98174770424681035 1.1780972450961724 1.5707963267948966 1.7671458676442586 7 0.99847566395774123
1.7671458676442586 1.9634954084936207 0.78539816339744828 0.98174770424681035 1.5707963267948966 1.9634954084936207 7 2.1795804270940136
1.6689710972195777 1.7671458676442586 0.98174770424681035 1.1780972450961724 1.7671458676442586 1.9634954084936207 7 0.88610313595288526
1.5707963267948966 1.6689710972195777 1.0799224746714913 1.1780972450961724 1.7671458676442586 1.9634954084936207 4 1.0823922002837796
1.5707963267948966 1.6689710972195777 0.98174770424681035 1.0799224746714913 1.7671458676442586 1.9634954084936207 7 0.96325278686417848
1.5707963267948966 1.7671458676442586 0.98174770424681035 1.1780972450961724 1.5707963267948966 1.7671458676442586 4 0.70710678117801229
1.5707963267948966 1.7671458676442586 0.78539816339744828 0.98174770424681035 1.5707963267948966 1.9634954084936207 7 1.4142135623636789
2.2580197197676637 2.3561944901923448 1.3744467859455345 1.5707963267948966 1.3744467859455345 1.5707963267948966 5 0.58056935449900871
2.1598449493429825 2.2580197197676637 1.4726215563702154 1.5707963267948966 1.3744467859455345 1.5707963267948966 3 0.6277029411594931
2.1598449493429825 2.2580197197676637 1.3744467859455345 1.4726215563702154 1.3744467859455345 1.5707963267948966 5 0.55261282961001101
2.2580197197676637 2.3561944901923448 1.3744467859455345 1.5707963267948966 1.1780972450961724 1.3744467859455345 5 1.4120389668019984
2.1598449493429825 2.2580197197676637 1.4726215563702154 1.5707963267948966 1.2762720155208536 1.3744467859455345 8 0.70710678117742298
2.1598449493429825 2.2580197197676637 1.4726215563702154 1.5707963267948966 1.1780972450961724 1.2762720155208536 5 0.53369888846968294
2.1598449493429825 2.2580197197676637 1.3744467859455345 1.4726215563702154 1.1780972450961724 1.3744467859455345 5 1.3840824419130007
2.1598449493429825 2.3561944901923448 1.1780972450961724 1.3744467859455345 1.1780972450961724 1.5707963267948966 5 1.2727585805637589
1.9634954084936207 2.1598449493429825 1.3744467859455345 1.5707963267948966 1.3744467859455345 1.5707963267948966 4 0.70710678117801329
1.9634954084936207 2.1598449493429825 1.4726215563702154 1.5707963267948966 1.2762720155208536 1.3744467859455345 4 0.81622893500646621
2.0616701789183018 2.1598449493429825 1.4726215563702154 1.5707963267948966 1.1780972450961724 1.2762720155208536 9 1.2802557922309707
1.9634954084936207 2.0616701789183018 1.4726215563702154 1.5707963267948966 1.1780972450961724 1.2762720155208536 4 1.0823922002837798
1.9634954084936207 2.1598449493429825 1.3744467859455345 1.4726215563702154 1.1780972450961724 1.3744467859455345 9 1.9287043390815264
1.9634954084936207 2.1598449493429825 1.2762720155208536 1.3744467859455345 1.3744467859455345 1.5707963267948966 9 1.7081603383725656
1.9634954084936207 2.1598449493429825 1.1780972450961724 1.2762720155208536 1.3744467859455345 1.5707963267948966 6 0.80439420639697268
1.9634954084936207 2.1598449493429825 1.1780972450961724 1.3744467859455345 1.1780972450961724 1.3744467859455345 5 0.64664977187763095
2.2580197197676637 2.3561944901923448 1.3744467859455345 1.5707963267948966 0.98174770424681035 1.1780972450961724 5 0.77565967651515588
2.2089323345553229 2.2580197197676637 1.4726215563702154 1.5707963267948966 1.0799224746714913 1.1780972450961724 5 0.73252863280870573
2.1598449493429825 2.2089323345553229 1.4726215563702154 1.5707963267948966 1.0799224746714913 1.1780972450961724 12 1.1555475087526379
2.1598449493429825 2.2580197197676637 1.4726215563702154 1.5707963267948966 0.98174770424681035 1.0799224746714913 8 0.70710678117742354
2.1598449493429825 2.2580197197676637 1.3744467859455345 1.4726215563702154 0.98174770424681035 1.1780972450961724 5 0.74770315162615819
2.2580197197676637 2.3561944901923448 1.3744467859455345 1.5707963267948966 0.78539816339744828 0.98174770424681035 8 1.4142135623636802
2.1598449493429825 2.2580197197676637 1.4726215563702154 1.5707963267948966 0.78539816339744828 0.98174770424681035 8 1.4142135623636776
2.1598449493429825 2.2580197197676637 1.3744467859455345 1.4726215563702154 0.78539816339744828 0.98174770424681035 9 0.91058557507324434
2.1598449493429825 2.3561944901923448 1.1780972450961724 1.3744467859455345 0.78539816339744828 1.1780972450961724 5 0.56565179937750387
1.9634954084936207 2.1598449493429825 1.4726215563702154 1.5707963267948966 0.98174770424681035 1.1780972450961724 12 0.76536686472032645
1.9634954084936207 2.1598449493429825 1.3744467859455345 1.4726215563702154 0.98174770424681035 1.1780972450961724 9 1.3113877714475408
2.0616701789183018 2.1598449493429825 1.4726215563702154 1.5707963267948966 0.88357293382212931 0.98174770424681035 9 0.8314696122938845
2.0125827937059615 2.0616701789183018 1.4726215563702154 1.5707963267948966 0.88357293382212931 0.98174770424681035 9 0.65043263839847754
1.9634954084936207 2.0125827937059615 1.4726215563702154 1.5707963267948966 0.88357293382212931 0.98174770424681035 4 0.53369888847091829
1.9634954084936207 2.1598449493429825 1.4726215563702154 1.5707963267948966 0.78539816339744828 0.88357293382212931 9 0.66734972439078022
1.9634954084936207 2.1598449493429825 1.3744467859455345 1.4726215563702154 0.78539816339744828 0.98174770424681035 9 1.4799181591444401
1.9634954084936207 2.1598449493429825 1.1780972450961724 1.3744467859455345 0.78539816339744828 1.1780972450961724 6 0.64884669763365088
2.2580197197676637 2.3561944901923448 0.98174770424681035 1.1780972450961724 1.3744467859455345 1.5707963267948966 5 0.97074999853130306
2.1598449493429825 2.2580197197676637 0.98174770424681035 1.1780972450961724 1.3744467859455345 1.5707963267948966 6 1.5253540284042231
2.1598449493429825 2.3561944901923448 0.98174770424681035 1.1780972450961724 1.1780972450961724 1.3744467859455345 5 0.83146961229306349
2.2580197197676637 2.3561944901923448 0.78539816339744828 0.98174770424681035 1.3744467859455345 1.5707963267948966 8 1.4142135623636809
2.1598449493429825 2.2580197197676637 0.88357293382212931 0.98174770424681035 1.3744467859455345 1.5707963267948966 6 1.2222809320700825
2.1598449493429825 2.2580197197676637 0.78539816339744828 0.88357293382212931 1.3744467859455345 1.5707963267948966 8 1.4142135623636791
2.2580197197676637 2.3561944901923448 0.88357293382212931 0.98174770424681035 1.1780972450961724 1.3744467859455345 5 0.83146961229315908
2.2580197197676637 2.3561944901923448 0.78539816339744828 0.88357293382212931 1.1780972450961724 1.3744467859455345 8 1.8284271247383623
2.1598449493429825 2.2580197197676637 0.78539816339744828 0.98174770424681035 1.1780972450961724 1.3744467859455345 6 0.72845703366452752
1.9634954084936207 2.1598449493429825 0.98174770424681035 1.1780972450961724 1.1780972450961724 1.5707963267948966 6 1.8284271247383597
1.9634954084936207 2.1598449493429825 0.88357293382212931 0.98174770424681035 1.3744467859455345 1.5707963267948966 6 1.5253540284042195
1.9634954084936207 2.1598449493429825 0.78539816339744828 0.88357293382212931 1.3744467859455345 1.5707963267948966 9 0.56933258406122456
1.9634954084936207 2.1598449493429825 0.78539816339744828 0.98174770424681035 1.1780972450961724 1.3744467859455345 6 1.0315301299986643
2.1598449493429825 2.3561944901923448 0.98174770424681035 1.1780972450961724 0.78539816339744828 1.1780972450961724 6 1.414213562363682
2.1598449493429825 2.3561944901923448 0.78539816339744828 0.98174770424681035 0.98174770424681035 1.1780972450961724 6 0.707106781176841
2.2580197197676637 2.3561944901923448 0.78539816339744828 0.98174770424681035 0.78539816339744828 0.98174770424681035 8 1.4142135623636818
2.1598449493429825 2.2580197197676637 0.78539816339744828 0.98174770424681035 0.78539816339744828 0.98174770424681035 6 1.1111404660295412
1.9634954084936207 2.1598449493429825 0.78539816339744828 1.1780972450961724 0.78539816339744828 1.1780972450961724 6 1.414213562363678
1.7671458676442586 1.9634954084936207 1.3744467859455345 1.5707963267948966 1.1780972450961724 1.5707963267948966 4 1.4142135623636809
1.7671458676442586 1.9634954084936207 1.1780972450961724 1.3744467859455345 1.1780972450961724 1.5707963267948966 10 0.53073372945166808
1.5707963267948966 1.7671458676442586 1.1780972450961724 1.5707963267948966 1.1780972450961724 1.5707963267948966 4 1.4142135623636805
1.7671458676442586 1.9634954084936207 1.3744467859455345 1.5707963267948966 0.98174770424681035 1.1780972450961724 4 0.70710678117742631
1.8653206380689396 1.9634954084936207 1.4726215563702154 1.5707963267948966 0.78539816339744828 0.98174770424681035 4 0.84775906501480813
1.9144080232812801 1.9634954084936207 1.3744467859455345 1.4726215563702154 0.88357293382212931 0.98174770424681035 9 0.61641594575927439
1.8653206380689396 1.9144080232812801 1.3744467859455345 1.4726215563702154 0.88357293382212931 0.98174770424681035 4 0.8805146738853068
1.8653206380689396 1.9634954084936207 1.3744467859455345 1.4726215563702154 0.78539816339744828 0.88357293382212931 9 0.5052102927348936
1.7671458676442586 1.8653206380689396 1.3744467859455345 1.5707963267948966 0.78539816339744828 0.98174770424681035 4 1.1795804270950132
1.7671458676442586 1.9634954084936207 1.1780972450961724 1.3744467859455345 0.78539816339744828 1.1780972450961724 10 0.53073372945166808
1.5707963267948966 1.7671458676442586 1.3744467859455345 1.5707963267948966 0.78539816339744828 1.1780972450961724 4 1.8284271247383614
1.5707963267948966 1.7671458676442586 1.1780972450961724 1.3744467859455345 0.98174770424681035 1.1780972450961724 4 0.70710678117742587
1.5707963267948966 1.7671458676442586 1.1780972450961724 1.3744467859455345 0.78539816339744828 0.98174770424681035 1 0.55557023300984754
1.8653206380689396 1.9634954084936207 0.98174770424681035 1.1780972450961724 1.3744467859455345 1.5707963267948966 6 0.80439420639697379
1.7671458676442586 1.8653206380689396 1.0799224746714913 1.1780972450961724 1.3744467859455345 1.5707963267948966 4 0.70710678117714465
1.7671458676442586 1.8653206380689396 0.98174770424681035 1.0799224746714913 1.3744467859455345 1.5707963267948966 7 1.3636266027943564
1.8653206380689396 1.9634954084936207 0.98174770424681035 1.1780972450961724 1.1780972450961724 1.3744467859455345 6 1.42171077403096
1.7671458676442586 1.8653206380689396 1.0799224746714913 1.1780972450961724 1.1780972450961724 1.3744467859455345 10 0.75786965305328002
1.7671458676442586 1.8653206380689396 0.98174770424681035 1.0799224746714913 1.1780972450961724 1.3744467859455345 1 0.55731444114954065
1.7671458676442586 1.9634954084936207 0.78539816339744828 0.98174770424681035 1.1780972450961724 1.5707963267948966 7 1.1795804270950141
1.5707963267948966 1.7671458676442586 0.98174770424681035 1.1780972450961724 1.3744467859455345 1.5707963267948966 4 0.70710678117801196
1.5707963267948966 1.7671458676442586 0.98174770424681035 1.1780972450961724 1.1780972450961724 1.3744467859455345 1 0.57027654270426109
1.5707963267948966 1.7671458676442586 0.78539816339744828 0.98174770424681035 1.1780972450961724 1.5707963267948966 1 0.72095982199732356
1.7671458676442586 1.9634954084936207 0.98174770424681035 1.1780972450961724 0.78539816339744828 1.1780972450961724 6 0.64884669763365188
1.7671458676442586 1.9634954084936207 0.78539816339744828 0.98174770424681035 0.78539816339744828 1.1780972450961724 1 0.72845703366468029
1.5707963267948966 1.7671458676442586 0.78539816339744828 1.1780972450961724 0.78539816339744828 1.1780972450961724 1 0.75786965305327947
2.2580197197676637 2.3561944901923448 1.3744467859455345 1.5707963267948966 0.58904862254808621 0.78539816339744828 8 1.4142135623636798
2.1598449493429825 2.2580197197676637 1.3744467859455345 1.5707963267948966 0.58904862254808621 0.78539816339744828 9 0.7516045136689099
2.2580197197676637 2.3561944901923448 1.4726215563702154 1.5707963267948966 0.39269908169872414 0.58904862254808621 3 0.63855388583873163
2.2580197197676637 2.3561944901923448 1.3744467859455345 1.4726215563702154 0.39269908169872414 0.58904862254808621 5 0.54257754774881461
2.1598449493429825 2.2580197197676637 1.4726215563702154 1.5707963267948966 0.39269908169872414 0.58904862254808621 3 0.98818285216281776
2.1598449493429825 2.2580197197676637 1.3744467859455345 1.4726215563702154 0.39269908169872414 0.58904862254808621 9 0.81817565486467558
2.2580197197676637 2.3561944901923448 1.1780972450961724 1.3744467859455345 0.58904862254808621 0.78539816339744828 5 1.2435085791059879
2.1598449493429825 2.2580197197676637 1.2762720155208536 1.3744467859455345 0.58904862254808621 0.78539816339744828 9 1.6943979873211397
2.1598449493429825 2.2580197197676637 1.1780972450961724 1.2762720155208536 0.58904862254808621 0.78539816339744828 6 0.57744157755116643
2.2580197197676637 2.3561944901923448 1.1780972450961724 1.3744467859455345 0.39269908169872414 0.58904862254808621 5 1.2627232987025625
2.1598449493429825 2.2580197197676637 1.2762720155208536 1.3744467859455345 0.49087385212340517 0.58904862254808621 9 0.84854307704694998
2.2089323345553229 2.2580197197676637 1.2762720155208536 1.3744467859455345 0.39269908169872414 0.49087385212340517 5 0.98806411988844212
2.1598449493429825 2.2089323345553229 1.2762720155208536 1.3744467859455345 0.39269908169872414 0.49087385212340517 9 1.0471194295183026
2.1598449493429825 2.2580197197676637 1.1780972450961724 1.2762720155208536 0.39269908169872414 0.58904862254808621 6 0.50132111006283586
1.9634954084936207 2.1598449493429825 1.3744467859455345 1.5707963267948966 0.58904862254808621 0.78539816339744828 9 1.3209370977401058
1.9634954084936207 2.1598449493429825 1.3744467859455345 1.5707963267948966 0.39269908169872414 0.58904862254808621 3 0.54152827695883121
1.9634954084936207 2.1598449493429825 1.1780972450961724 1.3744467859455345 0.58904862254808621 0.78539816339744828 9 0.5555702330100758
1.9634954084936207 2.1598449493429825 1.2762720155208536 1.3744467859455345 0.39269908169872414 0.58904862254808621 9 0.78428080586189564
1.9634954084936207 2.1598449493429825 1.1780972450961724 1.2762720155208536 0.39269908169872414 0.58904862254808621 6 0.80439420639697268
2.1598449493429825 2.3561944901923448 1.3744467859455345 1.5707963267948966 0 0.39269908169872414 3 0.68575652868997961
2.1598449493429825 2.3561944901923448 1.1780972450961724 1.3744467859455345 0 0.39269908169872414 5 0.890075148198745
1.9634954084936207 2.1598449493429825 1.3744467859455345 1.5707963267948966 0 0.39269908169872414 3 1.1193020313401061
1.9634954084936207 2.1598449493429825 1.2762720155208536 1.3744467859455345 0.19634954084936207 0.39269908169872414 3 0.68442159065423103
1.9634954084936207 2.1598449493429825 1.1780972450961724 1.2762720155208536 0.19634954084936207 0.39269908169872414 6 1.0972874252097182
1.9634954084936207 2.1598449493429825 1.1780972450961724 1.3744467859455345 0 0.19634954084936207 3 0.83146961229545835
2.2580197197676637 2.3561944901923448 1.0799224746714913 1.1780972450961724 0.58904862254808621 0.78539816339744828 5 0.84935592282775163
2.2580197197676637 2.3561944901923448 0.98174770424681035 1.0799224746714913 0.58904862254808621 0.78539816339744828 6 0.92387953250313914
2.1598449493429825 2.2580197197676637 0.98174770424681035 1.1780972450961724 0.58904862254808621 0.78539816339744828 6 1.6014744958925538
2.2580197197676637 2.3561944901923448 0.98174770424681035 1.1780972450961724 0.39269908169872414 0.58904862254808621 11 0.64134948596645125
2.1598449493429825 2.2580197197676637 0.98174770424681035 1.1780972450961724 0.39269908169872414 0.58904862254808621 6 1.5253540284042231
2.2580197197676637 2.3561944901923448 0.78539816339744828 0.98174770424681035 0.58904862254808621 0.78539816339744828 8 1.4142135623636813
2.1598449493429825 2.2580197197676637 0.78539816339744828 0.98174770424681035 0.58904862254808621 0.78539816339744828 1 0.54946067888954542
2.1598449493429825 2.3561944901923448 0.78539816339744828 0.98174770424681035 0.39269908169872414 0.58904862254808621 1 0.52839651596002213
1.9634954084936207 2.1598449493429825 0.98174770424681035 1.1780972450961724 0.39269908169872414 0.78539816339744828 6 1.8284271247383597
1.9634954084936207 2.1598449493429825 0.78539816339744828 0.98174770424681035 0.39269908169872414 0.78539816339744828 1 0.70710678117751524
2.1598449493429825 2.3561944901923448 0.98174770424681035 1.1780972450961724 0 0.39269908169872414 6 0.70710678117742753
2.1598449493429825 2.3561944901923448 0.78539816339744828 0.98174770424681035 0 0.39269908169872414 1 0.62080643616893649
1.9634954084936207 2.1598449493429825 0.78539816339744828 1.1780972450961724 0 0.39269908169872414 1 0.57810593119336884
1.8653206380689396 1.9634954084936207 1.4726215563702154 1.5707963267948966 0.58904862254808621 0.78539816339744828 4 0.84775906501480813
1.8653206380689396 1.9634954084936207 1.3744467859455345 1.4726215563702154 0.58904862254808621 0.78539816339744828 9 1.1587976660842192
1.7671458676442586 1.8653206380689396 1.3744467859455345 1.5707963267948966 0.58904862254808621 0.78539816339744828 4 1.1795804270950132
1.7671458676442586 1.9634954084936207 1.3744467859455345 1.5707963267948966 0.39269908169872414 0.58904862254808621 4 0.70710678117742642
1.7671458676442586 1.9634954084936207 1.1780972450961724 1.3744467859455345 0.39269908169872414 0.78539816339744828 10 0.82362694826441341
1.5707963267948966 1.7671458676442586 1.3744467859455345 1.5707963267948966 0.39269908169872414 0.78539816339744828 4 1.8284271247383614
1.5707963267948966 1.7671458676442586 1.1780972450961724 1.3744467859455345 0.39269908169872414 0.78539816339744828 1 0.70710678117691717
1.7671458676442586 1.9634954084936207 1.3744467859455345 1.5707963267948966 0 0.39269908169872414 4 1.4142135623636811
1.7671458676442586 1.9634954084936207 1.1780972450961724 1.3744467859455345 0 0.39269908169872414 1 0.54869331180417169
1.5707963267948966 1.7671458676442586 1.1780972450961724 1.5707963267948966 0 0.39269908169872414 1 0.53369888846968583
1.5707963267948966 1.9634954084936207 0.78539816339744828 1.1780972450961724 0 0.78539816339744828 1 0.70710678117714498
2.2580197197676637 2.3561944901923448 0.58904862254808621 0.78539816339744828 2.9452431127404308 3.1415926535897931 2 0.53369888846968472
2.1598449493429825 2.2580197197676637 0.58904862254808621 0.78539816339744828 3.043417883165112 3.1415926535897931 8 0.70710678117683834
2.1598449493429825 2.2580197197676637 0.58904862254808621 0.78539816339744828 2.9452431127404308 3.043417883165112 9 0.67278146252526339
2.2580197197676637 2.3561944901923448 0.68722339297276724 0.78539816339744828 2.748893571891069 2.9452431127404308 8 1.8284271247383614
2.2580197197676637 2.3561944901923448 0.58904862254808621 0.68722339297276724 2.748893571891069 2.9452431127404308 2 0.70710678117691605
2.1598449493429825 2.2580197197676637 0.58904862254808621 0.78539816339744828 2.748893571891069 2.9452431127404308 9 1.5022650687048307
2.1598449493429825 2.3561944901923448 0.39269908169872414 0.58904862254808621 2.748893571891069 3.1415926535897931 2 0.70710678117714343
1.9634954084936207 2.1598449493429825 0.58904862254808621 0.78539816339744828 2.748893571891069 3.1415926535897931 9 0.87650733076087506
1.9634954084936207 2.1598449493429825 0.49087385212340517 0.58904862254808621 3.043417883165112 3.1415926535897931 12 1.7968969947288393
1.9634954084936207 2.1598449493429825 0.39269908169872414 0.49087385212340517 3.043417883165112 3.1415926535897931 2 0.67771218406106748
1.9634954084936207 2.1598449493429825 0.39269908169872414 0.58904862254808621 2.9452431127404308 3.043417883165112 3 0.50063808525009079
1.9634954084936207 2.1598449493429825 0.39269908169872414 0.58904862254808621 2.748893571891069 2.9452431127404308 3 0.62610880867948981
2.2580197197676637 2.3561944901923448 0.68722339297276724 0.78539816339744828 2.5525440310417071 2.748893571891069 8 1.8284271247383614
2.2580197197676637 2.3561944901923448 0.58904862254808621 0.68722339297276724 2.5525440310417071 2.748893571891069 11 0.99478291687369458
2.1598449493429825 2.2580197197676637 0.58904862254808621 0.78539816339744828 2.5525440310417071 2.748893571891069 9 0.75160451366924652
2.2580197197676637 2.3561944901923448 0.58904862254808621 0.78539816339744828 2.3561944901923448 2.5525440310417071 8 1.4142135623636811
2.1598449493429825 2.2580197197676637 0.58904862254808621 0.78539816339744828 2.3561944901923448 2.5525440310417071 3 0.54471928833140504
2.1598449493429825 2.3561944901923448 0.39269908169872414 0.58904862254808621 2.3561944901923448 2.748893571891069 3 0.64134948596644925
1.9634954084936207 2.1598449493429825 0.58904862254808621 0.78539816339744828 2.3561944901923448 2.748893571891069 9 0.87650733076087506
1.9634954084936207 2.1598449493429825 0.39269908169872414 0.58904862254808621 2.3561944901923448 2.748893571891069 3 1.0748949886165757
1.9634954084936207 2.3561944901923448 0 0.39269908169872414 2.3561944901923448 3.1415926535897931 3 1.1795804270950128
1.7671458676442586 1.9634954084936207 0.58904862254808621 0.78539816339744828 3.043417883165112 3.1415926535897931 10 1.320937097740106
1.8653206380689396 1.9634954084936207 0.58904862254808621 0.78539816339744828 2.9452431127404308 3.043417883165112 10 1.0315301299986701
1.7671458676442586 1.8653206380689396 0.68722339297276724 0.78539816339744828 2.9452431127404308 3.043417883165112 7 1.1868663559845301
1.7671458676442586 1.8653206380689396 0.58904862254808621 0.68722339297276724 2.9452431127404308 3.043417883165112 10 2.0456226569613012
1.8653206380689396 1.9634954084936207 0.68722339297276724 0.78539816339744828 2.748893571891069 2.9452431127404308 7 0.76631082336335887
1.8653206380689396 1.9634954084936207 0.58904862254808621 0.68722339297276724 2.748893571891069 2.9452431127404308 10 2.0771527869706627
1.7671458676442586 1.8653206380689396 0.68722339297276724 0.78539816339744828 2.748893571891069 2.9452431127404308 7 1.7647864873307948
1.7671458676442586 1.8653206380689396 0.58904862254808621 0.68722339297276724 2.748893571891069 2.9452431127404308 10 1.4283060893273145
1.8653206380689396 1.9634954084936207 0.39269908169872414 0.58904862254808621 3.043417883165112 3.1415926535897931 10 0.55557023301094444
1.7671458676442586 1.8653206380689396 0.49087385212340517 0.58904862254808621 3.043417883165112 3.1415926535897931 10 1.7111177417724004
1.7671458676442586 1.8653206380689396 0.39269908169872414 0.49087385212340517 3.043417883165112 3.1415926535897931 4 0.92387953250220944
1.8653206380689396 1.9634954084936207 0.49087385212340517 0.58904862254808621 2.9452431127404308 3.043417883165112 10 1.4217107740309642
1.8653206380689396 1.9634954084936207 0.39269908169872414 0.49087385212340517 2.9452431127404308 3.043417883165112 3 0.78511485164383654
1.7671458676442586 1.8653206380689396 0.49087385212340517 0.58904862254808621 2.9452431127404308 3.043417883165112 10 0.77286407638761589
1.7671458676442586 1.8653206380689396 0.39269908169872414 0.49087385212340517 2.9452431127404308 3.043417883165112 4 0.70710678117714509
1.8653206380689396 1.9634954084936207 0.49087385212340517 0.58904862254808621 2.748893571891069 2.9452431127404308 10 0.80439420639697778
1.8653206380689396 1.9634954084936207 0.39269908169872414 0.49087385212340517 2.748893571891069 2.9452431127404308 3 0.91058557507323556
1.7671458676442586 1.8653206380689396 0.49087385212340517 0.58904862254808621 2.748893571891069 2.9452431127404308 11 1.4554357200238095
1.7671458676442586 1.8653206380689396 0.44178646691106466 0.49087385212340517 2.8470683423157501 2.9452431127404308 11 0.65299690126141596
1.7671458676442586 1.8653206380689396 0.39269908169872414 0.44178646691106466 2.8470683423157501 2.9452431127404308 3 0.76563121353402852
1.7671458676442586 1.8653206380689396 0.39269908169872414 0.49087385212340517 2.748893571891069 2.8470683423157501 3 0.67278146252525373
1.5707963267948966 1.7671458676442586 0.58904862254808621 0.78539816339744828 3.043417883165112 3.1415926535897931 8 0.70710678117684078
1.6689710972195777 1.7671458676442586 0.68722339297276724 0.78539816339744828 2.9452431127404308 3.043417883165112 7 0.69181039561450675
1.6689710972195777 1.7671458676442586 0.58904862254808621 0.68722339297276724 2.9452431127404308 3.043417883165112 11 1.7721118422791144
1.5707963267948966 1.6689710972195777 0.58904862254808621 0.78539816339744828 2.9452431127404308 3.043417883165112 4 0.55486584620264712
1.6689710972195777 1.7671458676442586 0.58904862254808621 0.78539816339744828 2.748893571891069 2.9452431127404308 11 0.63140909458863959
1.5707963267948966 1.6689710972195777 0.68722339297276724 0.78539816339744828 2.748893571891069 2.9452431127404308 8 1.8284271247383606
1.5707963267948966 1.6689710972195777 0.58904862254808621 0.68722339297276724 2.748893571891069 2.9452431127404308 11 0.96325278686417637
1.5707963267948966 1.7671458676442586 0.39269908169872414 0.58904862254808621 2.9452431127404308 3.1415926535897931 4 0.70710678117801129
1.6689710972195777 1.7671458676442586 0.39269908169872414 0.58904862254808621 2.748893571891069 2.9452431127404308 11 1.2802557922311184
1.5707963267948966 1.6689710972195777 0.49087385212340517 0.58904862254808621 2.748893571891069 2.9452431127404308 11 1.6514700006829104
1.5707963267948966 1.6689710972195777 0.39269908169872414 0.49087385212340517 2.748893571891069 2.9452431127404308 1 0.58702296762622996
1.8653206380689396 1.9634954084936207 0.58904862254808621 0.78539816339744828 2.5525440310417071 2.748893571891069 10 0.70710678117743153
1.7671458676442586 1.8653206380689396 0.58904862254808621 0.78539816339744828 2.5525440310417071 2.748893571891069 7 1.2082722956686762
1.7671458676442586 1.9634954084936207 0.58904862254808621 0.78539816339744828 2.3561944901923448 2.5525440310417071 10 0.76536686472033399
1.8653206380689396 1.9634954084936207 0.39269908169872414 0.58904862254808621 2.5525440310417071 2.748893571891069 3 0.77315683031897242
1.7671458676442586 1.8653206380689396 0.49087385212340517 0.58904862254808621 2.6507188014663878 2.748893571891069 7 0.77384138973667638
1.7671458676442586 1.8653206380689396 0.49087385212340517 0.58904862254808621 2.5525440310417071 2.6507188014663878 3 0.62294268166776723
1.7671458676442586 1.8653206380689396 0.39269908169872414 0.49087385212340517 2.5525440310417071 2.748893571891069 3 0.92449131432365772
1.7671458676442586 1.9634954084936207 0.39269908169872414 0.58904862254808621 2.3561944901923448 2.5525440310417071 3 0.91605014401346951
1.6689710972195777 1.7671458676442586 0.58904862254808621 0.78539816339744828 2.5525440310417071 2.748893571891069 7 0.71321633529865303
1.5707963267948966 1.6689710972195777 0.68722339297276724 0.78539816339744828 2.5525440310417071 2.748893571891069 7 0.75160451366890302
1.6198837120072371 1.6689710972195777 0.58904862254808621 0.68722339297276724 2.6507188014663878 2.748893571891069 11 0.97438155872232357
1.5707963267948966 1.6198837120072371 0.58904862254808621 0.68722339297276724 2.6507188014663878 2.748893571891069 1 0.52400602555070197
1.5707963267948966 1.6689710972195777 0.58904862254808621 0.68722339297276724 2.5525440310417071 2.6507188014663878 8 0.70710678117742753
1.6689710972195777 1.7671458676442586 0.68722339297276724 0.78539816339744828 2.454369260617026 2.5525440310417071 7 1.366803708647323
1.6689710972195777 1.7671458676442586 0.58904862254808621 0.68722339297276724 2.454369260617026 2.5525440310417071 10 1.3832683708601059
1.5707963267948966 1.6689710972195777 0.58904862254808621 0.78539816339744828 2.454369260617026 2.5525440310417071 8 1.4142135623636805
1.5707963267948966 1.7671458676442586 0.58904862254808621 0.78539816339744828 2.3561944901923448 2.454369260617026 8 0.70710678117684189
1.6689710972195777 1.7671458676442586 0.49087385212340517 0.58904862254808621 2.5525440310417071 2.748893571891069 11 1.9317257929247251
1.6689710972195777 1.7671458676442586 0.39269908169872414 0.49087385212340517 2.6998061866787282 2.748893571891069 11 0.75084188541059826
1.6689710972195777 1.7671458676442586 0.39269908169872414 0.49087385212340517 2.6507188014663878 2.6998061866787282 3 0.53362345525490984
1.6689710972195777 1.7671458676442586 0.39269908169872414 0.49087385212340517 2.5525440310417071 2.6507188014663878 3 0.67858649482858746
1.5707963267948966 1.6689710972195777 0.39269908169872414 0.58904862254808621 2.5525440310417071 2.748893571891069 1 0.54302541142619809
1.6689710972195777 1.7671458676442586 0.49087385212340517 0.58904862254808621 2.454369260617026 2.5525440310417071 11 1.9509405125212993
1.6689710972195777 1.7671458676442586 0.39269908169872414 0.49087385212340517 2.454369260617026 2.5525440310417071 1 0.54219227235344836
1.5707963267948966 1.6689710972195777 0.39269908169872414 0.58904862254808621 2.454369260617026 2.5525440310417071 1 0.63543533163476662
1.6689710972195777 1.7671458676442586 0.39269908169872414 0.58904862254808621 2.3561944901923448 2.454369260617026 3 0.66178544729290967
1.5707963267948966 1.6689710972195777 0.39269908169872414 0.58904862254808621 2.3561944901923448 2.454369260617026 1 0.69389449057449615
1.7671458676442586 1.9634954084936207 0 0.39269908169872414 2.748893571891069 3.1415926535897931 3 0.87650733076087217
1.5707963267948966 1.7671458676442586 0 0.39269908169872414 2.748893571891069 3.1415926535897931 4 1.4142135623636805
1.7671458676442586 1.9634954084936207 0 0.39269908169872414 2.3561944901923448 2.748893571891069 3 1.4938238983948584
1.5707963267948966 1.7671458676442586 0 0.39269908169872414 2.3561944901923448 2.748893571891069 1 0.53369888847092062
1.9634954084936207 2.3561944901923448 0.39269908169872414 0.78539816339744828 1.9634954084936207 2.3561944901923448 3 0.70710678117801251
2.1598449493429825 2.3561944901923448 0.58904862254808621 0.78539816339744828 1.7671458676442586 1.9634954084936207 3 0.55557023301094222
2.2580197197676637 2.3561944901923448 0.58904862254808621 0.78539816339744828 1.5707963267948966 1.7671458676442586 8 1.4142135623636809
2.1598449493429825 2.2580197197676637 0.68722339297276724 0.78539816339744828 1.5707963267948966 1.7671458676442586 8 1.4142135623636796
2.1598449493429825 2.2580197197676637 0.58904862254808621 0.68722339297276724 1.5707963267948966 1.7671458676442586 3 0.82104905503600778
2.1598449493429825 2.3561944901923448 0.39269908169872414 0.58904862254808621 1.5707963267948966 1.9634954084936207 3 1.0240329183314629
1.9634954084936207 2.1598449493429825 0.58904862254808621 0.78539816339744828 1.5707963267948966 1.9634954084936207 9 0.87650733076087506
1.9634954084936207 2.1598449493429825 0.39269908169872414 0.58904862254808621 1.5707963267948966 1.9634954084936207 3 1.4575784209815894
1.9634954084936207 2.3561944901923448 0 0.39269908169872414 1.5707963267948966 2.3561944901923448 3 2.1795804270940127
1.8653206380689396 1.9634954084936207 0.58904862254808621 0.78539816339744828 2.2580197197676637 2.3561944901923448 3 0.83891412553053568
1.7671458676442586 1.8653206380689396 0.68722339297276724 0.78539816339744828 2.2580197197676637 2.3561944901923448 7 0.96469208267560402
1.7671458676442586 1.8653206380689396 0.58904862254808621 0.68722339297276724 2.2580197197676637 2.3561944901923448 3 0.87545377356462195
1.7671458676442586 1.9634954084936207 0.58904862254808621 0.78539816339744828 2.1598449493429825 2.2580197197676637 3 0.57884816800591499
1.7671458676442586 1.9634954084936207 0.58904862254808621 0.78539816339744828 1.9634954084936207 2.1598449493429825 3 0.62080643616893516
1.7671458676442586 1.9634954084936207 0.39269908169872414 0.58904862254808621 1.9634954084936207 2.3561944901923448 3 1.4280666031841631
1.5707963267948966 1.7671458676442586 0.58904862254808621 0.78539816339744828 2.2580197197676637 2.3561944901923448 8 0.70710678117684089
1.6689710972195777 1.7671458676442586 0.68722339297276724 0.78539816339744828 2.1598449493429825 2.2580197197676637 8 1.4142135623636807
1.6689710972195777 1.7671458676442586 0.58904862254808621 0.68722339297276724 2.1598449493429825 2.2580197197676637 1 0.52144697852056876
1.5707963267948966 1.6689710972195777 0.58904862254808621 0.78539816339744828 2.1598449493429825 2.2580197197676637 1 0.58378599754115068
1.6689710972195777 1.7671458676442586 0.68722339297276724 0.78539816339744828 1.9634954084936207 2.1598449493429825 7 0.633351236674776
1.6689710972195777 1.7671458676442586 0.58904862254808621 0.68722339297276724 1.9634954084936207 2.1598449493429825 1 0.60027002966455367
1.5707963267948966 1.6689710972195777 0.58904862254808621 0.78539816339744828 1.9634954084936207 2.1598449493429825 1 0.66260904868513559
1.5707963267948966 1.7671458676442586 0.39269908169872414 0.58904862254808621 1.9634954084936207 2.3561944901923448 1 0.56565179937750665
1.7671458676442586 1.9634954084936207 0.58904862254808621 0.78539816339744828 1.7671458676442586 1.9634954084936207 10 1.1480502970855022
1.8653206380689396 1.9634954084936207 0.68722339297276724 0.78539816339744828 1.5707963267948966 1.7671458676442586 7 0.96140114537946264
1.8653206380689396 1.9634954084936207 0.58904862254808621 0.68722339297276724 1.5707963267948966 1.7671458676442586 1 0.58556371997006895
1.7671458676442586 1.8653206380689396 0.58904862254808621 0.78539816339744828 1.5707963267948966 1.7671458676442586 1 0.63855388583873351
1.7671458676442586 1.9634954084936207 0.39269908169872414 0.58904862254808621 1.5707963267948966 1.9634954084936207 1 0.51488892750093851
1.5707963267948966 1.7671458676442586 0.39269908169872414 0.78539816339744828 1.5707963267948966 1.9634954084936207 1 0.64134948596644925
1.5707963267948966 1.9634954084936207 0 0.39269908169872414 1.5707963267948966 2.3561944901923448 3 0.76536686472033089
2.2580197197676637 2.3561944901923448 0.58904862254808621 0.78539816339744828 1.3744467859455345 1.5707963267948966 8 1.4142135623636798
2.1598449493429825 2.2580197197676637 0.58904862254808621 0.78539816339744828 1.3744467859455345 1.5707963267948966 9 1.3071747466886798
2.2580197197676637 2.3561944901923448 0.68722339297276724 0.78539816339744828 1.1780972450961724 1.3744467859455345 8 1.8284271247383614
2.2580197197676637 2.3561944901923448 0.58904862254808621 0.68722339297276724 1.1780972450961724 1.3744467859455345 11 1.1633133045705941
2.1598449493429825 2.2580197197676637 0.58904862254808621 0.78539816339744828 1.1780972450961724 1.3744467859455345 9 0.92449131432366483
2.2580197197676637 2.3561944901923448 0.49087385212340517 0.58904862254808621 1.3744467859455345 1.5707963267948966 11 1.6830001306924283
2.2580197197676637 2.3561944901923448 0.39269908169872414 0.49087385212340517 1.3744467859455345 1.5707963267948966 3 1.0546776100033783
2.1598449493429825 2.2580197197676637 0.39269908169872414 0.58904862254808621 1.3744467859455345 1.5707963267948966 3 0.81809165163611552
2.2580197197676637 2.3561944901923448 0.49087385212340517 0.58904862254808621 1.1780972450961724 1.3744467859455345 11 1.8515305183893278
2.2580197197676637 2.3561944901923448 0.39269908169872414 0.49087385212340517 1.1780972450961724 1.3744467859455345 1 0.54471928833140548
2.1598449493429825 2.2580197197676637 0.39269908169872414 0.58904862254808621 1.1780972450961724 1.3744467859455345 1 0.58924297828529004
1.9634954084936207 2.1598449493429825 0.58904862254808621 0.78539816339744828 1.1780972450961724 1.5707963267948966 9 1.4938238983948606
1.9634954084936207 2.1598449493429825 0.39269908169872414 0.58904862254808621 1.1780972450961724 1.5707963267948966 1 0.55179875855711236
2.2580197197676637 2.3561944901923448 0.68722339297276724 0.78539816339744828 0.98174770424681035 1.1780972450961724 8 1.8284271247383614
2.2580197197676637 2.3561944901923448 0.58904862254808621 0.68722339297276724 0.98174770424681035 1.1780972450961724 1 0.51449077670886179
2.1598449493429825 2.2580197197676637 0.58904862254808621 0.78539816339744828 0.98174770424681035 1.1780972450961724 1 0.52811042640201
2.1598449493429825 2.3561944901923448 0.58904862254808621 0.78539816339744828 0.78539816339744828 0.98174770424681035 1 0.55557023301094255
2.1598449493429825 2.3561944901923448 0.39269908169872414 0.58904862254808621 0.78539816339744828 1.1780972450961724 1 0.63140909458863592
1.9634954084936207 2.1598449493429825 0.39269908169872414 0.78539816339744828 0.78539816339744828 1.1780972450961724 1 0.68575652868997983
1.9634954084936207 2.3561944901923448 0 0.39269908169872414 0.78539816339744828 1.5707963267948966 3 1.1795804270950128
1.5707963267948966 1.9634954084936207 0 0.78539816339744828 0.78539816339744828 1.5707963267948966 1 0.64884669763365366
1.5707963267948966 2.3561944901923448 0 0.78539816339744828 0 0.78539816339744828 1 0.70710678117801218
1.3744467859455345 1.5707963267948966 2.748893571891069 3.1415926535897931 2.748893571891069 3.1415926535897931 4 1.4142135623636789
1.1780972450961724 1.3744467859455345 2.9452431127404308 3.1415926535897931 2.748893571891069 3.1415926535897931 2 0.70710678117930914
1.1780972450961724 1.3744467859455345 2.748893571891069 2.9452431127404308 2.9452431127404308 3.1415926535897931 4 0.70710678117683778
1.2762720155208536 1.3744467859455345 2.748893571891069 2.9452431127404308 2.748893571891069 2.9452431127404308 4 0.76536686472033055
1.1780972450961724 1.2762720155208536 2.748893571891069 2.9452431127404308 2.748893571891069 2.9452431127404308 11 1.344084577744628
1.3744467859455345 1.5707963267948966 2.9452431127404308 3.1415926535897931 2.3561944901923448 2.748893571891069 4 1.8284271247383592
1.3744467859455345 1.5707963267948966 2.748893571891069 2.9452431127404308 2.5525440310417071 2.748893571891069 4 0.7071067811774252
1.4726215563702154 1.5707963267948966 2.748893571891069 2.9452431127404308 2.454369260617026 2.5525440310417071 4 0.92387953250313726
1.3744467859455345 1.4726215563702154 2.748893571891069 2.9452431127404308 2.454369260617026 2.5525440310417071 5 0.78859334333628472
1.4726215563702154 1.5707963267948966 2.748893571891069 2.9452431127404308 2.3561944901923448 2.454369260617026 4 0.84775906501480658
1.3744467859455345 1.4726215563702154 2.748893571891069 2.9452431127404308 2.3561944901923448 2.454369260617026 5 0.53875978879020536
1.1780972450961724 1.3744467859455345 2.9452431127404308 3.1415926535897931 2.5525440310417071 2.748893571891069 4 0.70710678117742387
1.1780972450961724 1.3744467859455345 3.043417883165112 3.1415926535897931 2.3561944901923448 2.5525440310417071 4 0.8477590650148068
1.1780972450961724 1.3744467859455345 2.9452431127404308 3.043417883165112 2.3561944901923448 2.5525440310417071 5 0.60620347708716704
1.1780972450961724 1.3744467859455345 2.748893571891069 2.9452431127404308 2.3561944901923448 2.748893571891069 5 0.93448219092228046
1.3744467859455345 1.5707963267948966 2.5525440310417071 2.748893571891069 2.9452431127404308 3.1415926535897931 4 0.70710678117801129
1.4726215563702154 1.5707963267948966 2.6507188014663878 2.748893571891069 2.748893571891069 2.9452431127404308 4 1.082392200283778
1.4726215563702154 1.5707963267948966 2.5525440310417071 2.6507188014663878 2.748893571891069 2.9452431127404308 5 0.99045067369677386
1.3744467859455345 1.4726215563702154 2.5525440310417071 2.748893571891069 2.748893571891069 2.9452431127404308 5 1.1525901053531324
1.3744467859455345 1.5707963267948966 2.454369260617026 2.5525440310417071 2.9452431127404308 3.1415926535897931 5 0.91388067145683793
1.3744467859455345 1.5707963267948966 2.3561944901923448 2.454369260617026 2.9452431127404308 3.1415926535897931 8 1.4142135623636809
1.3744467859455345 1.5707963267948966 2.3561944901923448 2.5525440310417071 2.748893571891069 2.9452431127404308 5 0.85864332934424625
1.1780972450961724 1.3744467859455345 2.3561944901923448 2.748893571891069 2.748893571891069 3.1415926535897931 5 1.4283060893273132
1.1780972450961724 1.5707963267948966 2.3561944901923448 2.748893571891069 2.3561944901923448 2.748893571891069 5 1.1480502970855007
0.78539816339744828 1.1780972450961724 2.748893571891069 3.1415926535897931 2.748893571891069 3.1415926535897931 2 0.70710678117801151
0.98174770424681035 1.1780972450961724 2.9452431127404308 3.1415926535897931 2.3561944901923448 2.748893571891069 6 1.1795804270950092
1.0799224746714913 1.1780972450961724 2.748893571891069 2.9452431127404308 2.5525440310417071 2.748893571891069 5 0.54032953464404421
0.98174770424681035 1.0799224746714913 2.748893571891069 2.9452431127404308 2.5525440310417071 2.748893571891069 2 0.68575652868997961
1.0799224746714913 1.1780972450961724 2.748893571891069 2.9452431127404308 2.454369260617026 2.5525440310417071 5 1.1145864380117962
0.98174770424681035 1.0799224746714913 2.8470683423157501 2.9452431127404308 2.454369260617026 2.5525440310417071 2 0.74688908057325964
0.98174770424681035 1.0799224746714913 2.748893571891069 2.8470683423157501 2.454369260617026 2.5525440310417071 5 1.1510866990961
1.0799224746714913 1.1780972450961724 2.748893571891069 2.9452431127404308 2.3561944901923448 2.454369260617026 5 0.86475288346571688
0.98174770424681035 1.0799224746714913 2.8470683423157501 2.9452431127404308 2.3561944901923448 2.454369260617026 2 0.55179875855711191
0.98174770424681035 1.0799224746714913 2.748893571891069 2.8470683423157501 2.3561944901923448 2.454369260617026 5 0.9012531445500207
0.78539816339744828 0.98174770424681035 2.748893571891069 3.1415926535897931 2.3561944901923448 2.748893571891069 2 0.64884669763365299
1.0799224746714913 1.1780972450961724 2.5525440310417071 2.748893571891069 3.043417883165112 3.1415926535897931 5 1.0341534330490769
0.98174770424681035 1.0799224746714913 2.5525440310417071 2.748893571891069 3.043417883165112 3.1415926535897931 2 0.63501167908550038
1.0799224746714913 1.1780972450961724 2.5525440310417071 2.748893571891069 2.9452431127404308 3.043417883165112 5 1.1522321687002508
0.98174770424681035 1.0799224746714913 2.5525440310417071 2.748893571891069 2.9452431127404308 3.043417883165112 2 0.57810593119336895
0.98174770424681035 1.1780972450961724 2.5525440310417071 2.748893571891069 2.748893571891069 2.9452431127404308 5 0.59997727573319526
0.98174770424681035 1.1780972450961724 2.3561944901923448 2.5525440310417071 2.748893571891069 3.1415926535897931 5 0.80439420639697357
0.78539816339744828 0.98174770424681035 2.5525440310417071 2.748893571891069 2.748893571891069 3.1415926535897931 2 0.70710678117714509
0.78539816339744828 0.98174770424681035 2.454369260617026 2.5525440310417071 2.9452431127404308 3.1415926535897931 2 0.54869331180417147
0.78539816339744828 0.98174770424681035 2.3561944901923448 2.454369260617026 2.9452431127404308 3.1415926535897931 8 1.4142135623636825
0.78539816339744828 0.98174770424681035 2.454369260617026 2.5525440310417071 2.748893571891069 2.9452431127404308 7 1.0230889596884709
0.88357293382212931 0.98174770424681035 2.3561944901923448 2.454369260617026 2.8470683423157501 2.9452431127404308 8 0.70710678117743009
0.88357293382212931 0.98174770424681035 2.3561944901923448 2.454369260617026 2.748893571891069 2.8470683423157501 5 0.73562706752528317
0.78539816339744828 0.88357293382212931 2.3561944901923448 2.454369260617026 2.748893571891069 2.9452431127404308 8 1.8284271247383641
0.98174770424681035 1.1780972450961724 2.3561944901923448 2.748893571891069 2.3561944901923448 2.748893571891069 5 1.538230941117795
0.78539816339744828 0.98174770424681035 2.5525440310417071 2.748893571891069 2.3561944901923448 2.748893571891069 7 1.8182472472169762
0.78539816339744828 0.98174770424681035 2.3561944901923448 2.5525440310417071 2.5525440310417071 2.748893571891069 7 0.55557023301094854
0.78539816339744828 0.98174770424681035 2.3561944901923448 2.5525440310417071 2.3561944901923448 2.5525440310417071 5 0.70710678117800863
1.3744467859455345 1.5707963267948966 2.9452431127404308 3.1415926535897931 1.9634954084936207 2.3561944901923448 4 1.8284271247383592
1.4726215563702154 1.5707963267948966 2.748893571891069 2.9452431127404308 2.2580197197676637 2.3561944901923448 4 0.84775906501480658
1.3744467859455345 1.4726215563702154 2.748893571891069 2.9452431127404308 2.2580197197676637 2.3561944901923448 9 1.2290947695622565
1.4726215563702154 1.5707963267948966 2.748893571891069 2.9452431127404308 2.1598449493429825 2.2580197197676637 4 0.92387953250313748
1.3744467859455345 1.4726215563702154 2.748893571891069 2.9452431127404308 2.1598449493429825 2.2580197197676637 9 2.034218691078078
1.3744467859455345 1.5707963267948966 2.748893571891069 2.9452431127404308 1.9634954084936207 2.1598449493429825 4 0.70710678117742576
1.1780972450961724 1.3744467859455345 3.043417883165112 3.1415926535897931 2.1598449493429825 2.3561944901923448 4 0.8477590650148068
1.2762720155208536 1.3744467859455345 2.9452431127404308 3.043417883165112 2.2580197197676637 2.3561944901923448 4 1.1795804270950105
1.1780972450961724 1.2762720155208536 2.9452431127404308 3.043417883165112 2.2580197197676637 2.3561944901923448 6 1.1555475087526226
1.1780972450961724 1.3744467859455345 2.9452431127404308 3.043417883165112 2.1598449493429825 2.2580197197676637 6 0.55557023301007136
1.1780972450961724 1.3744467859455345 2.9452431127404308 3.1415926535897931 1.9634954084936207 2.1598449493429825 4 0.70710678117742443
1.1780972450961724 1.3744467859455345 2.748893571891069 2.9452431127404308 2.2580197197676637 2.3561944901923448 5 0.84208343581161782
1.2762720155208536 1.3744467859455345 2.748893571891069 2.9452431127404308 2.1598449493429825 2.2580197197676637 9 1.4309912580041027
1.1780972450961724 1.2762720155208536 2.748893571891069 2.9452431127404308 2.1598449493429825 2.2580197197676637 5 0.54152827695883099
1.2762720155208536 1.3744467859455345 2.748893571891069 2.9452431127404308 1.9634954084936207 2.1598449493429825 9 1.7156575500397007
1.1780972450961724 1.2762720155208536 2.8470683423157501 2.9452431127404308 1.9634954084936207 2.1598449493429825 6 0.70710678117691517
1.1780972450961724 1.2762720155208536 2.748893571891069 2.8470683423157501 1.9634954084936207 2.1598449493429825 5 0.72784525184402482
1.3744467859455345 1.5707963267948966 2.748893571891069 3.1415926535897931 1.5707963267948966 1.9634954084936207 4 1.4142135623636798
1.1780972450961724 1.3744467859455345 2.9452431127404308 3.1415926535897931 1.5707963267948966 1.9634954084936207 4 1.4142135623636785
1.2762720155208536 1.3744467859455345 2.748893571891069 2.9452431127404308 1.7671458676442586 1.9634954084936207 4 0.76536686472033133
1.1780972450961724 1.2762720155208536 2.8470683423157501 2.9452431127404308 1.8653206380689396 1.9634954084936207 4 0.76536686472033133
1.1780972450961724 1.2762720155208536 2.748893571891069 2.8470683423157501 1.8653206380689396 1.9634954084936207 5 0.65172478435569414
1.1780972450961724 1.2762720155208536 2.748893571891069 2.9452431127404308 1.7671458676442586 1.8653206380689396 11 0.86338400504990997
1.1780972450961724 1.3744467859455345 2.748893571891069 2.9452431127404308 1.5707963267948966 1.7671458676442586 4 0.70710678117683901
1.3744467859455345 1.5707963267948966 2.5525440310417071 2.748893571891069 2.1598449493429825 2.3561944901923448 5 0.57027654270422334
1.4726215563702154 1.5707963267948966 2.5525440310417071 2.748893571891069 1.9634954084936207 2.1598449493429825 12 0.76536686472032234
1.3744467859455345 1.4726215563702154 2.5525440310417071 2.748893571891069 1.9634954084936207 2.1598449493429825 5 0.78428080586189619
1.3744467859455345 1.5707963267948966 2.3561944901923448 2.5525440310417071 2.1598449493429825 2.3561944901923448 5 1.2191232403475687
1.3744467859455345 1.5707963267948966 2.454369260617026 2.5525440310417071 1.9634954084936207 2.1598449493429825 5 0.99000113894516861
1.3744467859455345 1.5707963267948966 2.3561944901923448 2.454369260617026 1.9634954084936207 2.1598449493429825 3 0.75553254011526849
1.1780972450961724 1.3744467859455345 2.3561944901923448 2.748893571891069 1.9634954084936207 2.3561944901923448 5 1.5044265568156439
1.4726215563702154 1.5707963267948966 2.6507188014663878 2.748893571891069 1.8653206380689396 1.9634954084936207 4 1.0823922002837789
1.4726215563702154 1.5707963267948966 2.5525440310417071 2.6507188014663878 1.8653206380689396 1.9634954084936207 5 0.54602090671720682
1.4726215563702154 1.5707963267948966 2.5525440310417071 2.748893571891069 1.7671458676442586 1.8653206380689396 4 0.81622893500646554
1.3744467859455345 1.4726215563702154 2.5525440310417071 2.748893571891069 1.7671458676442586 1.9634954084936207 5 0.70816033837356551
1.3744467859455345 1.5707963267948966 2.5525440310417071 2.748893571891069 1.5707963267948966 1.7671458676442586 4 0.70710678117801251
1.3744467859455345 1.5707963267948966 2.454369260617026 2.5525440310417071 1.7671458676442586 1.9634954084936207 5 0.91388067145683793
1.4726215563702154 1.5707963267948966 2.3561944901923448 2.454369260617026 1.7671458676442586 1.9634954084936207 3 0.91779435215316185
1.3744467859455345 1.4726215563702154 2.3561944901923448 2.454369260617026 1.7671458676442586 1.9634954084936207 5 1.3570070360169106
1.3744467859455345 1.5707963267948966 2.3561944901923448 2.5525440310417071 1.5707963267948966 1.7671458676442586 5 0.58274395006157853
1.1780972450961724 1.3744467859455345 2.3561944901923448 2.748893571891069 1.5707963267948966 1.9634954084936207 5 1.4283060893273132
0.98174770424681035 1.1780972450961724 2.9452431127404308 3.1415926535897931 1.9634954084936207 2.3561944901923448 6 2.1795804270940096
0.98174770424681035 1.1780972450961724 2.748893571891069 2.9452431127404308 2.1598449493429825 2.3561944901923448 11 0.57027654270426165
0.98174770424681035 1.1780972450961724 2.748893571891069 2.9452431127404308 1.9634954084936207 2.1598449493429825 6 0.70710678117801418
0.78539816339744828 0.98174770424681035 2.9452431127404308 3.1415926535897931 1.9634954084936207 2.3561944901923448 6 0.76536686472032789
0.88357293382212931 0.98174770424681035 2.8470683423157501 2.9452431127404308 2.2580197197676637 2.3561944901923448 2 0.70248203784984242
0.88357293382212931 0.98174770424681035 2.748893571891069 2.8470683423157501 2.2580197197676637 2.3561944901923448 7 1.6105479715769211
0.78539816339744828 0.88357293382212931 2.748893571891069 2.9452431127404308 2.2580197197676637 2.3561944901923448 2 0.82894259631535294
0.88357293382212931 0.98174770424681035 2.8470683423157501 2.9452431127404308 2.1598449493429825 2.2580197197676637 2 0.51488892750093762
0.88357293382212931 0.98174770424681035 2.748893571891069 2.8470683423157501 2.1598449493429825 2.2580197197676637 7 1.6057326982492159
0.78539816339744828 0.88357293382212931 2.748893571891069 2.9452431127404308 2.1598449493429825 2.2580197197676637 2 0.64134948596644814
0.88357293382212931 0.98174770424681035 2.8470683423157501 2.9452431127404308 1.9634954084936207 2.1598449493429825 6 1.4280666031841616
0.88357293382212931 0.98174770424681035 2.748893571891069 2.8470683423157501 1.9634954084936207 2.1598449493429825 7 1.7742630859461164
0.78539816339744828 0.88357293382212931 2.748893571891069 2.9452431127404308 1.9634954084936207 2.1598449493429825 9 0.57682979572835924
0.98174770424681035 1.1780972450961724 2.9452431127404308 3.1415926535897931 1.5707963267948966 1.9634954084936207 6 1.1795804270950092
1.0799224746714913 1.1780972450961724 2.748893571891069 2.9452431127404308 1.7671458676442586 1.9634954084936207 11 1.3875082389358675
0.98174770424681035 1.0799224746714913 2.748893571891069 2.9452431127404308 1.7671458676442586 1.9634954084936207 7 0.57307214283197117
1.0799224746714913 1.1780972450961724 2.748893571891069 2.9452431127404308 1.5707963267948966 1.7671458676442586 11 2.3113877714465358
0.98174770424681035 1.0799224746714913 2.748893571891069 2.9452431127404308 1.6689710972195777 1.7671458676442586 7 0.82478199463067736
0.98174770424681035 1.0799224746714913 2.8470683423157501 2.9452431127404308 1.5707963267948966 1.6689710972195777 11 0.72095982199732755
0.98174770424681035 1.0799224746714913 2.748893571891069 2.8470683423157501 1.5707963267948966 1.6689710972195777 7 1.5233628281512481
0.78539816339744828 0.98174770424681035 3.043417883165112 3.1415926535897931 1.7671458676442586 1.9634954084936207 6 1.2802557922309636
0.88357293382212931 0.98174770424681035 2.9452431127404308 3.043417883165112 1.7671458676442586 1.9634954084936207 6 1.4938238983948542
0.78539816339744828 0.88357293382212931 2.9452431127404308 3.043417883165112 1.7671458676442586 1.9634954084936207 2 0.53369888847092006
0.78539816339744828 0.98174770424681035 3.043417883165112 3.1415926535897931 1.5707963267948966 1.7671458676442586 4 0.55486584620264789
0.88357293382212931 0.98174770424681035 2.9452431127404308 3.043417883165112 1.5707963267948966 1.7671458676442586 6 0.87650733076086862
0.78539816339744828 0.88357293382212931 2.9452431127404308 3.043417883165112 1.5707963267948966 1.7671458676442586 8 1.4142135623636798
0.78539816339744828 0.98174770424681035 2.748893571891069 2.9452431127404308 1.5707963267948966 1.9634954084936207 7 1.0240329183314714
0.98174770424681035 1.1780972450961724 2.5525440310417071 2.748893571891069 2.1598449493429825 2.3561944901923448 5 0.9604571867365177
1.0799224746714913 1.1780972450961724 2.5525440310417071 2.748893571891069 1.9634954084936207 2.1598449493429825 5 1.1102739005374076
0.98174770424681035 1.0799224746714913 2.5525440310417071 2.748893571891069 1.9634954084936207 2.1598449493429825 6 0.5548658462026469
0.98174770424681035 1.1780972450961724 2.3561944901923448 2.5525440310417071 1.9634954084936207 2.3561944901923448 5 0.88051467388530424
0.78539816339744828 0.98174770424681035 2.5525440310417071 2.748893571891069 1.9634954084936207 2.3561944901923448 7 1.5253540284042293
0.78539816339744828 0.98174770424681035 2.454369260617026 2.5525440310417071 2.2580197197676637 2.3561944901923448 5 0.78995178633783203
0.88357293382212931 0.98174770424681035 2.454369260617026 2.5525440310417071 2.1598449493429825 2.2580197197676637 5 1.1382209949308881
0.78539816339744828 0.88357293382212931 2.454369260617026 2.5525440310417071 2.1598449493429825 2.2580197197676637 8 1.4142135623636818
0.78539816339744828 0.98174770424681035 2.3561944901923448 2.454369260617026 2.1598449493429825 2.3561944901923448 8 1.4142135623636827
0.88357293382212931 0.98174770424681035 2.454369260617026 2.5525440310417071 1.9634954084936207 2.1598449493429825 7 0.63543533163477495
0.78539816339744828 0.88357293382212931 2.454369260617026 2.5525440310417071 2.0616701789183018 2.1598449493429825 8 0.70710678117742942
0.78539816339744828 0.88357293382212931 2.454369260617026 2.5525440310417071 1.9634954084936207 2.0616701789183018 7 0.92789460445015548
0.88357293382212931 0.98174770424681035 2.3561944901923448 2.454369260617026 1.9634954084936207 2.1598449493429825 6 0.70710678117751391
0.78539816339744828 0.88357293382212931 2.3561944901923448 2.454369260617026 1.9634954084936207 2.1598449493429825 8 1.8284271247383641
0.98174770424681035 1.1780972450961724 2.5525440310417071 2.748893571891069 1.7671458676442586 1.9634954084936207 7 0.72845703366468806
1.0799224746714913 1.1780972450961724 2.5525440310417071 2.748893571891069 1.5707963267948966 1.7671458676442586 5 1.2026838207459762
0.98174770424681035 1.0799224746714913 2.5525440310417071 2.748893571891069 1.5707963267948966 1.7671458676442586 7 1.691709820538561
0.98174770424681035 1.1780972450961724 2.3561944901923448 2.5525440310417071 1.5707963267948966 1.9634954084936207 5 0.80439420639697357
0.78539816339744828 0.98174770424681035 2.5525440310417071 2.748893571891069 1.5707963267948966 1.9634954084936207 7 2.5253540284032288
0.78539816339744828 0.98174770424681035 2.454369260617026 2.5525440310417071 1.7671458676442586 1.9634954084936207 7 1.6008627140697418
0.88357293382212931 0.98174770424681035 2.3561944901923448 2.454369260617026 1.7671458676442586 1.9634954084936207 7 0.63140909458864014
0.78539816339744828 0.88357293382212931 2.3561944901923448 2.454369260617026 1.7671458676442586 1.9634954084936207 8 1.8284271247383641
0.78539816339744828 0.98174770424681035 2.454369260617026 2.5525440310417071 1.5707963267948966 1.7671458676442586 7 1.2181792817045745
0.78539816339744828 0.98174770424681035 2.3561944901923448 2.454369260617026 1.5707963267948966 1.7671458676442586 8 1.414213562363684
1.3744467859455345 1.5707963267948966 2.748893571891069 3.1415926535897931 1.1780972450961724 1.5707963267948966 4 1.4142135623636793
1.1780972450961724 1.3744467859455345 2.9452431127404308 3.1415926535897931 1.1780972450961724 1.5707963267948966 4 1.414213562363678
1.1780972450961724 1.3744467859455345 2.748893571891069 2.9452431127404308 1.1780972450961724 1.5707963267948966 5 0.55179875855711402
1.3744467859455345 1.5707963267948966 2.9452431127404308 3.1415926535897931 0.78539816339744828 1.1780972450961724 4 1.8284271247383592
1.3744467859455345 1.5707963267948966 2.748893571891069 2.9452431127404308 0.98174770424681035 1.1780972450961724 4 0.70710678117742476
1.4726215563702154 1.5707963267948966 2.748893571891069 2.9452431127404308 0.78539816339744828 0.98174770424681035 4 0.84775906501480658
1.3744467859455345 1.4726215563702154 2.748893571891069 2.9452431127404308 0.78539816339744828 0.98174770424681035 9 1.104731938446408
1.1780972450961724 1.3744467859455345 2.9452431127404308 3.1415926535897931 0.98174770424681035 1.1780972450961724 4 0.70710678117742343
1.1780972450961724 1.3744467859455345 3.043417883165112 3.1415926535897931 0.78539816339744828 0.98174770424681035 4 0.8477590650148068
1.2762720155208536 1.3744467859455345 2.9452431127404308 3.043417883165112 0.78539816339744828 0.98174770424681035 4 1.1795804270950105
1.1780972450961724 1.2762720155208536 2.9452431127404308 3.043417883165112 0.78539816339744828 0.98174770424681035 6 1.1555475087526219
1.1780972450961724 1.3744467859455345 2.748893571891069 2.9452431127404308 0.98174770424681035 1.1780972450961724 5 0.7468890805732612
1.2762720155208536 1.3744467859455345 2.748893571891069 2.9452431127404308 0.78539816339744828 0.98174770424681035 9 0.50150450537243252
1.1780972450961724 1.2762720155208536 2.8470683423157501 2.9452431127404308 0.88357293382212931 0.98174770424681035 6 0.55557023300984609
1.1780972450961724 1.2762720155208536 2.748893571891069 2.8470683423157501 0.88357293382212931 0.98174770424681035 5 1.3614401071002749
1.227184630308513 1.2762720155208536 2.8961557275280905 2.9452431127404308 0.83448554860978885 0.88357293382212931 4 0.52053582965940981
1.227184630308513 1.2762720155208536 2.8470683423157501 2.8961557275280905 0.83448554860978885 0.88357293382212931 5 0.79047056894386891
1.227184630308513 1.2762720155208536 2.8470683423157501 2.9452431127404308 0.78539816339744828 0.83448554860978885 9 0.82520584606941805
1.1780972450961724 1.227184630308513 2.8470683423157501 2.9452431127404308 0.78539816339744828 0.88357293382212931 6 0.55261282961001357
1.1780972450961724 1.2762720155208536 2.748893571891069 2.8470683423157501 0.78539816339744828 0.88357293382212931 5 0.94461800316843947
1.1780972450961724 1.5707963267948966 2.3561944901923448 2.748893571891069 1.1780972450961724 1.5707963267948966 5 0.76536686472033422
1.3744467859455345 1.5707963267948966 2.5525440310417071 2.748893571891069 0.98174770424681035 1.1780972450961724 5 0.96045718673648139
1.4726215563702154 1.5707963267948966 2.5525440310417071 2.748893571891069 0.78539816339744828 0.98174770424681035 7 0.54946067888954941
1.3744467859455345 1.4726215563702154 2.5525440310417071 2.748893571891069 0.78539816339744828 0.98174770424681035 5 1.0010535571863108
1.3744467859455345 1.5707963267948966 2.3561944901923448 2.5525440310417071 0.78539816339744828 1.1780972450961724 5 0.70710678117742454
1.1780972450961724 1.3744467859455345 2.3561944901923448 2.748893571891069 0.78539816339744828 1.1780972450961724 5 1.7211993081400585
0.98174770424681035 1.1780972450961724 2.9452431127404308 3.1415926535897931 1.1780972450961724 1.5707963267948966 6 1.1795804270950092
1.0799224746714913 1.1780972450961724 2.748893571891069 2.9452431127404308 1.3744467859455345 1.5707963267948966 11 1.3113877714475364
1.0308350894591509 1.0799224746714913 2.8470683423157501 2.9452431127404308 1.521708941582556 1.5707963267948966 4 0.63501167908549949
0.98174770424681035 1.0308350894591509 2.8961557275280905 2.9452431127404308 1.521708941582556 1.5707963267948966 4 0.67771218406106615
0.98174770424681035 1.0308350894591509 2.8470683423157501 2.8961557275280905 1.521708941582556 1.5707963267948966 7 1.1479697044938464
0.98174770424681035 1.0799224746714913 2.8470683423157501 2.9452431127404308 1.4726215563702154 1.521708941582556 6 0.50063808525009057
0.98174770424681035 1.0799224746714913 2.748893571891069 2.8470683423157501 1.4726215563702154 1.5707963267948966 7 0.8889695439878289
0.98174770424681035 1.0799224746714913 2.8470683423157501 2.9452431127404308 1.3744467859455345 1.4726215563702154 6 0.62610880867948959
0.98174770424681035 1.0799224746714913 2.748893571891069 2.8470683423157501 1.3744467859455345 1.4726215563702154 5 0.6655431001892973
1.0799224746714913 1.1780972450961724 2.748893571891069 2.9452431127404308 1.1780972450961724 1.3744467859455345 5 0.98911571458186742
0.98174770424681035 1.0799224746714913 2.8470683423157501 2.9452431127404308 1.2762720155208536 1.3744467859455345 6 1.0748949886165755
0.98174770424681035 1.0799224746714913 2.748893571891069 2.8470683423157501 1.2762720155208536 1.3744467859455345 5 1.0256159756661711
0.98174770424681035 1.0799224746714913 2.748893571891069 2.9452431127404308 1.1780972450961724 1.2762720155208536 6 0.62863582465744827
0.78539816339744828 0.98174770424681035 3.043417883165112 3.1415926535897931 1.3744467859455345 1.5707963267948966 4 0.55486584620264756
0.88357293382212931 0.98174770424681035 2.9452431127404308 3.043417883165112 1.3744467859455345 1.5707963267948966 6 0.87650733076086862
0.78539816339744828 0.88357293382212931 2.9452431127404308 3.043417883165112 1.3744467859455345 1.5707963267948966 8 1.4142135623636787
0.78539816339744828 0.98174770424681035 3.043417883165112 3.1415926535897931 1.1780972450961724 1.3744467859455345 6 1.2802557922309643
0.88357293382212931 0.98174770424681035 2.9452431127404308 3.043417883165112 1.1780972450961724 1.3744467859455345 6 1.4938238983948549
0.78539816339744828 0.88357293382212931 2.9452431127404308 3.043417883165112 1.1780972450961724 1.3744467859455345 2 0.53369888847092017
0.88357293382212931 0.98174770424681035 2.748893571891069 2.9452431127404308 1.4726215563702154 1.5707963267948966 7 0.63836529640035167
0.93266031903446978 0.98174770424681035 2.8961557275280905 2.9452431127404308 1.4235341711578751 1.4726215563702154 6 0.91058557507324023
0.93266031903446978 0.98174770424681035 2.8470683423157501 2.8961557275280905 1.4235341711578751 1.4726215563702154 7 1.0986715635069424
0.93266031903446978 0.98174770424681035 2.8470683423157501 2.9452431127404308 1.3744467859455345 1.4235341711578751 6 0.52144697852056821
0.88357293382212931 0.93266031903446978 2.8470683423157501 2.9452431127404308 1.3744467859455345 1.4726215563702154 7 0.56909658194596857
0.88357293382212931 0.98174770424681035 2.748893571891069 2.8470683423157501 1.3744467859455345 1.4726215563702154 7 1.6249474178457903
0.78539816339744828 0.88357293382212931 2.8470683423157501 2.9452431127404308 1.4726215563702154 1.5707963267948966 8 0.70710678117801373
0.78539816339744828 0.88357293382212931 2.748893571891069 2.8470683423157501 1.4726215563702154 1.5707963267948966 7 1.7226137518524967
0.78539816339744828 0.88357293382212931 2.748893571891069 2.9452431127404308 1.3744467859455345 1.4726215563702154 9 0.96715681672629517
0.93266031903446978 0.98174770424681035 2.8470683423157501 2.9452431127404308 1.2762720155208536 1.3744467859455345 6 0.7731568303189722
0.88357293382212931 0.93266031903446978 2.8470683423157501 2.9452431127404308 1.2762720155208536 1.3744467859455345 7 0.54988186234939418
0.88357293382212931 0.98174770424681035 2.748893571891069 2.8470683423157501 1.2762720155208536 1.3744467859455345 7 1.6057326982492159
0.88357293382212931 0.98174770424681035 2.8470683423157501 2.9452431127404308 1.1780972450961724 1.2762720155208536 6 0.91605014401346929
0.88357293382212931 0.98174770424681035 2.748893571891069 2.8470683423157501 1.1780972450961724 1.2762720155208536 7 1.7238114339003889
0.78539816339744828 0.88357293382212931 2.748893571891069 2.9452431127404308 1.2762720155208536 1.3744467859455345 9 0.6655431001893074
0.83448554860978885 0.88357293382212931 2.8470683423157501 2.9452431127404308 1.227184630308513 1.2762720155208536 7 0.53587667785799642
0.78539816339744828 0.83448554860978885 2.8470683423157501 2.9452431127404308 1.227184630308513 1.2762720155208536 2 0.6354353316347664
0.83448554860978885 0.88357293382212931 2.8470683423157501 2.9452431127404308 1.1780972450961724 1.227184630308513 6 0.66178544729290956
0.78539816339744828 0.83448554860978885 2.8470683423157501 2.9452431127404308 1.1780972450961724 1.227184630308513 2 0.69389449057449593
0.78539816339744828 0.88357293382212931 2.748893571891069 2.8470683423157501 1.1780972450961724 1.2762720155208536 7 1.4750857716680894
0.98174770424681035 1.1780972450961724 2.9452431127404308 3.1415926535897931 0.78539816339744828 1.1780972450961724 6 2.1795804270940091
0.98174770424681035 1.1780972450961724 2.748893571891069 2.9452431127404308 0.98174770424681035 1.1780972450961724 6 0.7071067811780154
1.0799224746714913 1.1780972450961724 2.748893571891069 2.9452431127404308 0.78539816339744828 0.98174770424681035 11 1.3113877714475364
0.98174770424681035 1.0799224746714913 2.748893571891069 2.9452431127404308 0.78539816339744828 0.98174770424681035 7 0.89749549165364462
0.78539816339744828 0.98174770424681035 2.9452431127404308 3.1415926535897931 0.78539816339744828 1.1780972450961724 6 0.76536686472032711
0.78539816339744828 0.98174770424681035 2.748893571891069 2.9452431127404308 0.78539816339744828 1.1780972450961724 7 0.64134948596645813
0.98174770424681035 1.1780972450961724 2.3561944901923448 2.748893571891069 1.1780972450961724 1.5707963267948966 5 1.1555475087526286
0.78539816339744828 0.98174770424681035 2.5525440310417071 2.748893571891069 1.1780972450961724 1.5707963267948966 7 1.5253540284042293
0.88357293382212931 0.98174770424681035 2.454369260617026 2.5525440310417071 1.3744467859455345 1.5707963267948966 5 1.333311316946999
0.78539816339744828 0.88357293382212931 2.454369260617026 2.5525440310417071 1.3744467859455345 1.5707963267948966 8 1.414213562363682
0.78539816339744828 0.98174770424681035 2.3561944901923448 2.454369260617026 1.3744467859455345 1.5707963267948966 8 1.4142135623636829
0.78539816339744828 0.98174770424681035 2.3561944901923448 2.5525440310417071 1.1780972450961724 1.3744467859455345 5 0.83146961229415917
0.98174770424681035 1.1780972450961724 2.5525440310417071 2.748893571891069 0.98174770424681035 1.1780972450961724 5 1.3506378307687756
0.98174770424681035 1.1780972450961724 2.5525440310417071 2.748893571891069 0.78539816339744828 0.98174770424681035 7 1.0528803824863615
0.98174770424681035 1.1780972450961724 2.3561944901923448 2.5525440310417071 0.78539816339744828 1.1780972450961724 5 1.0972874252097189
0.78539816339744828 0.98174770424681035 2.5525440310417071 2.748893571891069 0.78539816339744828 1.1780972450961724 7 2.1426705960382155
0.78539816339744828 0.98174770424681035 2.454369260617026 2.5525440310417071 0.98174770424681035 1.1780972450961724 5 0.69475743109947541
0.88357293382212931 0.98174770424681035 2.3561944901923448 2.454369260617026 0.98174770424681035 1.1780972450961724 5 1.0287345298709873
0.78539816339744828 0.88357293382212931 2.3561944901923448 2.454369260617026 0.98174770424681035 1.1780972450961724 8 1.8284271247383641
0.78539816339744828 0.98174770424681035 2.3561944901923448 2.5525440310417071 0.78539816339744828 0.98174770424681035 7 0.7071067811780144
1.3744467859455345 1.5707963267948966 2.9452431127404308 3.1415926535897931 0.39269908169872414 0.78539816339744828 4 1.8284271247383592
1.3744467859455345 1.5707963267948966 2.748893571891069 2.9452431127404308 0.58904862254808621 0.78539816339744828 9 0.94575087704207372
1.3744467859455345 1.5707963267948966 2.748893571891069 2.9452431127404308 0.39269908169872414 0.58904862254808621 4 0.70710678117742487
1.1780972450961724 1.3744467859455345 3.043417883165112 3.1415926535897931 0.58904862254808621 0.78539816339744828 4 0.8477590650148068
1.2762720155208536 1.3744467859455345 2.9452431127404308 3.043417883165112 0.58904862254808621 0.78539816339744828 4 1.1795804270950105
1.1780972450961724 1.2762720155208536 2.9452431127404308 3.043417883165112 0.58904862254808621 0.78539816339744828 10 0.64884669763365199
1.1780972450961724 1.3744467859455345 2.9452431127404308 3.1415926535897931 0.39269908169872414 0.58904862254808621 4 0.70710678117742354
1.2762720155208536 1.3744467859455345 2.748893571891069 2.9452431127404308 0.58904862254808621 0.78539816339744828 9 1.8885443506943036
1.1780972450961724 1.2762720155208536 2.8470683423157501 2.9452431127404308 0.68722339297276724 0.78539816339744828 11 0.60006796550242003
1.1780972450961724 1.2762720155208536 2.748893571891069 2.8470683423157501 0.68722339297276724 0.78539816339744828 5 0.69478444862319499
1.1780972450961724 1.2762720155208536 2.748893571891069 2.9452431127404308 0.58904862254808621 0.68722339297276724 11 1.2516858226339667
1.2762720155208536 1.3744467859455345 2.748893571891069 2.9452431127404308 0.49087385212340517 0.58904862254808621 9 1.0426894404201139
1.2762720155208536 1.3744467859455345 2.8470683423157501 2.9452431127404308 0.39269908169872414 0.49087385212340517 4 1.1480502970856501
1.2762720155208536 1.3744467859455345 2.748893571891069 2.8470683423157501 0.39269908169872414 0.49087385212340517 5 0.69389449057449504
1.1780972450961724 1.2762720155208536 2.748893571891069 2.9452431127404308 0.39269908169872414 0.58904862254808621 11 0.57871771301444686
1.3744467859455345 1.5707963267948966 2.748893571891069 3.1415926535897931 0 0.39269908169872414 4 1.4142135623636796
1.1780972450961724 1.3744467859455345 2.9452431127404308 3.1415926535897931 0 0.39269908169872414 2 0.70710678117930936
1.2762720155208536 1.3744467859455345 2.748893571891069 2.9452431127404308 0.19634954084936207 0.39269908169872414 4 0.765366864720331
1.1780972450961724 1.2762720155208536 2.8470683423157501 2.9452431127404308 0.2945243112740431 0.39269908169872414 2 0.70710678117861792
1.1780972450961724 1.2762720155208536 2.748893571891069 2.8470683423157501 0.2945243112740431 0.39269908169872414 5 1.2690413519896806
1.1780972450961724 1.2762720155208536 2.748893571891069 2.9452431127404308 0.19634954084936207 0.2945243112740431 2 0.58274395006246849
1.1780972450961724 1.3744467859455345 2.748893571891069 2.9452431127404308 0 0.19634954084936207 4 0.70710678117683889
1.4726215563702154 1.5707963267948966 2.6507188014663878 2.748893571891069 0.68722339297276724 0.78539816339744828 7 0.67698963701653614
1.4726215563702154 1.5707963267948966 2.5525440310417071 2.6507188014663878 0.68722339297276724 0.78539816339744828 5 0.58908057098470767
1.4726215563702154 1.5707963267948966 2.6507188014663878 2.748893571891069 0.58904862254808621 0.68722339297276724 9 1.1361395875187852
1.4726215563702154 1.5707963267948966 2.5525440310417071 2.6507188014663878 0.58904862254808621 0.68722339297276724 5 0.54602090671720682
1.3744467859455345 1.4726215563702154 2.5525440310417071 2.748893571891069 0.58904862254808621 0.78539816339744828 5 0.70816033837356551
1.4726215563702154 1.5707963267948966 2.5525440310417071 2.748893571891069 0.39269908169872414 0.58904862254808621 12 0.765366864720323
1.3744467859455345 1.4726215563702154 2.5525440310417071 2.748893571891069 0.39269908169872414 0.58904862254808621 5 0.72737505797014013
1.3744467859455345 1.5707963267948966 2.454369260617026 2.5525440310417071 0.58904862254808621 0.78539816339744828 5 0.91388067145683793
1.3744467859455345 1.5707963267948966 2.3561944901923448 2.454369260617026 0.58904862254808621 0.78539816339744828 8 1.4142135623636818
1.3744467859455345 1.5707963267948966 2.454369260617026 2.5525440310417071 0.39269908169872414 0.58904862254808621 5 0.93309539105341255
1.4726215563702154 1.5707963267948966 2.3561944901923448 2.454369260617026 0.39269908169872414 0.58904862254808621 8 1.8284271247383614
1.3744467859455345 1.4726215563702154 2.3561944901923448 2.454369260617026 0.39269908169872414 0.58904862254808621 5 1.3762217556134853
1.1780972450961724 1.3744467859455345 2.3561944901923448 2.748893571891069 0.39269908169872414 0.78539816339744828 5 1.4283060893273132
1.4726215563702154 1.5707963267948966 2.6507188014663878 2.748893571891069 0.2945243112740431 0.39269908169872414 4 1.0823922002837787
1.4726215563702154 1.5707963267948966 2.5525440310417071 2.6507188014663878 0.2945243112740431 0.39269908169872414 5 1.1633374743511933
1.4726215563702154 1.5707963267948966 2.5525440310417071 2.748893571891069 0.19634954084936207 0.2945243112740431 4 0.81622893500646487
1.3744467859455345 1.4726215563702154 2.5525440310417071 2.748893571891069 0.19634954084936207 0.39269908169872414 5 1.325476906007552
1.3744467859455345 1.5707963267948966 2.5525440310417071 2.748893571891069 0 0.19634954084936207 4 0.7071067811780124
1.3744467859455345 1.5707963267948966 2.3561944901923448 2.5525440310417071 0 0.39269908169872414 5 1.0315301299986657
1.1780972450961724 1.3744467859455345 2.3561944901923448 2.748893571891069 0 0.39269908169872414 5 2.0456226569612994
0.98174770424681035 1.1780972450961724 2.9452431127404308 3.1415926535897931 0.39269908169872414 0.78539816339744828 6 1.1795804270950092
1.0799224746714913 1.1780972450961724 2.748893571891069 2.9452431127404308 0.58904862254808621 0.78539816339744828 11 1.6042809902602828
0.98174770424681035 1.0799224746714913 2.8470683423157501 2.9452431127404308 0.68722339297276724 0.78539816339744828 2 0.55179875855711213
0.98174770424681035 1.0799224746714913 2.748893571891069 2.8470683423157501 0.68722339297276724 0.78539816339744828 7 1.6213799684808134
0.98174770424681035 1.0799224746714913 2.748893571891069 2.9452431127404308 0.58904862254808621 0.68722339297276724 11 0.66547089794262138
1.0799224746714913 1.1780972450961724 2.748893571891069 2.9452431127404308 0.39269908169872414 0.58904862254808621 11 1.9287043390815222
0.98174770424681035 1.0799224746714913 2.748893571891069 2.9452431127404308 0.39269908169872414 0.58904862254808621 2 0.68575652868997938
0.78539816339744828 0.98174770424681035 2.748893571891069 3.1415926535897931 0.39269908169872414 0.78539816339744828 2 0.64884669763365321
0.78539816339744828 1.1780972450961724 2.748893571891069 3.1415926535897931 0 0.39269908169872414 2 0.70710678117801173
1.0799224746714913 1.1780972450961724 2.5525440310417071 2.748893571891069 0.58904862254808621 0.78539816339744828 5 1.0341534330490769
0.98174770424681035 1.0799224746714913 2.5525440310417071 2.748893571891069 0.58904862254808621 0.78539816339744828 7 1.136139587519128
1.0799224746714913 1.1780972450961724 2.5525440310417071 2.748893571891069 0.39269908169872414 0.58904862254808621 5 1.0533681526456515
0.98174770424681035 1.0799224746714913 2.5525440310417071 2.748893571891069 0.39269908169872414 0.58904862254808621 7 0.69170982053956154
0.98174770424681035 1.1780972450961724 2.3561944901923448 2.5525440310417071 0.39269908169872414 0.78539816339744828 5 0.80439420639697357
0.78539816339744828 0.98174770424681035 2.5525440310417071 2.748893571891069 0.39269908169872414 0.78539816339744828 7 1.5253540284042293
0.78539816339744828 0.98174770424681035 2.454369260617026 2.5525440310417071 0.58904862254808621 0.78539816339744828 7 0.66260904868514137
0.78539816339744828 0.98174770424681035 2.3561944901923448 2.454369260617026 0.58904862254808621 0.78539816339744828 8 1.4142135623636833
0.88357293382212931 0.98174770424681035 2.454369260617026 2.5525440310417071 0.49087385212340517 0.58904862254808621 7 0.50996460820537537
0.88357293382212931 0.98174770424681035 2.454369260617026 2.5525440310417071 0.39269908169872414 0.49087385212340517 5 0.56030086358462738
0.78539816339744828 0.88357293382212931 2.454369260617026 2.5525440310417071 0.49087385212340517 0.58904862254808621 8 0.70710678117742787
0.78539816339744828 0.88357293382212931 2.454369260617026 2.5525440310417071 0.39269908169872414 0.49087385212340517 2 0.55557023300984754
0.88357293382212931 0.98174770424681035 2.3561944901923448 2.454369260617026 0.49087385212340517 0.58904862254808621 8 0.70710678117742876
0.93266031903446978 0.98174770424681035 2.4052818754046852 2.454369260617026 0.39269908169872414 0.49087385212340517 5 0.84431141797431031
0.88357293382212931 0.93266031903446978 2.4052818754046852 2.454369260617026 0.39269908169872414 0.49087385212340517 1 0.52729896659940145
0.88357293382212931 0.98174770424681035 2.3561944901923448 2.4052818754046852 0.39269908169872414 0.49087385212340517 1 0.51115947966916431
0.78539816339744828 0.88357293382212931 2.3561944901923448 2.454369260617026 0.39269908169872414 0.58904862254808621 1 0.55423527389599214
0.98174770424681035 1.1780972450961724 2.3561944901923448 2.748893571891069 0 0.39269908169872414 5 0.77286407638761467
0.78539816339744828 0.98174770424681035 2.5525440310417071 2.748893571891069 0 0.39269908169872414 2 0.70710678117714532
0.88357293382212931 0.98174770424681035 2.454369260617026 2.5525440310417071 0.19634954084936207 0.39269908169872414 5 0.95062788458198511
0.78539816339744828 0.88357293382212931 2.454369260617026 2.5525440310417071 0.19634954084936207 0.39269908169872414 1 0.52972687622544745
0.88357293382212931 0.98174770424681035 2.4052818754046852 2.454369260617026 0.2945243112740431 0.39269908169872414 5 0.75220443311766316
0.88357293382212931 0.98174770424681035 2.3561944901923448 2.4052818754046852 0.2945243112740431 0.39269908169872414 1 0.5531177478321847
0.88357293382212931 0.98174770424681035 2.3561944901923448 2.454369260617026 0.19634954084936207 0.2945243112740431 1 0.52205989503771766
0.78539816339744828 0.88357293382212931 2.3561944901923448 2.454369260617026 0.19634954084936207 0.39269908169872414 1 0.64664519410490651
0.78539816339744828 0.98174770424681035 2.3561944901923448 2.5525440310417071 0 0.19634954084936207 5 0.55557023301094011
1.3744467859455345 1.5707963267948966 2.2580197197676637 2.3561944901923448 2.9452431127404308 3.1415926535897931 8 1.4142135623636789
1.3744467859455345 1.5707963267948966 2.1598449493429825 2.2580197197676637 3.043417883165112 3.1415926535897931 8 0.70710678117683778
1.4726215563702154 1.5707963267948966 2.1598449493429825 2.2580197197676637 2.9452431127404308 3.043417883165112 4 0.7071067811793087
1.3744467859455345 1.4726215563702154 2.1598449493429825 2.2580197197676637 2.9452431127404308 3.043417883165112 9 1.107661903211929
1.4726215563702154 1.5707963267948966 2.2580197197676637 2.3561944901923448 2.748893571891069 2.9452431127404308 8 1.8284271247383597
1.3744467859455345 1.4726215563702154 2.2580197197676637 2.3561944901923448 2.748893571891069 2.9452431127404308 5 0.96779259513180704
1.4726215563702154 1.5707963267948966 2.1598449493429825 2.2580197197676637 2.8470683423157501 2.9452431127404308 8 0.70710678117742387
1.4726215563702154 1.5707963267948966 2.1598449493429825 2.2580197197676637 2.748893571891069 2.8470683423157501 3 0.54887989001550896
1.3744467859455345 1.4726215563702154 2.1598449493429825 2.2580197197676637 2.748893571891069 2.9452431127404308 9 1.9371455093914964
1.3744467859455345 1.5707963267948966 1.9634954084936207 2.1598449493429825 2.9452431127404308 3.1415926535897931 4 0.7071067811780124
1.3744467859455345 1.5707963267948966 1.9634954084936207 2.1598449493429825 2.748893571891069 2.9452431127404308 9 0.96045718673648672
1.1780972450961724 1.3744467859455345 2.2580197197676637 2.3561944901923448 2.9452431127404308 3.1415926535897931 5 1.2435085791059879
1.1780972450961724 1.3744467859455345 2.1598449493429825 2.2580197197676637 2.9452431127404308 3.1415926535897931 6 0.72845703366467829
1.1780972450961724 1.3744467859455345 2.1598449493429825 2.3561944901923448 2.748893571891069 2.9452431127404308 5 0.71718834754432559
1.1780972450961724 1.3744467859455345 1.9634954084936207 2.1598449493429825 2.9452431127404308 3.1415926535897931 6 1.0315301299988151
1.2762720155208536 1.3744467859455345 1.9634954084936207 2.1598449493429825 2.748893571891069 2.9452431127404308 9 1.9032506603887165
1.1780972450961724 1.2762720155208536 1.9634954084936207 2.1598449493429825 2.748893571891069 2.9452431127404308 6 1.0972874252097196
1.3744467859455345 1.5707963267948966 2.2580197197676637 2.3561944901923448 2.5525440310417071 2.748893571891069 5 0.96325278686417515
1.4726215563702154 1.5707963267948966 2.1598449493429825 2.2580197197676637 2.5525440310417071 2.748893571891069 3 0.80058974181391296
1.3744467859455345 1.4726215563702154 2.1598449493429825 2.2580197197676637 2.5525440310417071 2.748893571891069 5 0.93529626197517746
1.3744467859455345 1.5707963267948966 2.2580197197676637 2.3561944901923448 2.3561944901923448 2.5525440310417071 5 1.2876761356858477
1.3744467859455345 1.5707963267948966 2.1598449493429825 2.2580197197676637 2.3561944901923448 2.5525440310417071 3 0.84779238466504692
1.4726215563702154 1.5707963267948966 1.9634954084936207 2.1598449493429825 2.5525440310417071 2.748893571891069 3 0.88450627813995331
1.3744467859455345 1.4726215563702154 1.9634954084936207 2.1598449493429825 2.5525440310417071 2.748893571891069 9 1.7558175384271082
1.3744467859455345 1.5707963267948966 1.9634954084936207 2.1598449493429825 2.3561944901923448 2.5525440310417071 3 0.93170892099108726
1.1780972450961724 1.3744467859455345 2.1598449493429825 2.3561944901923448 2.3561944901923448 2.748893571891069 5 1.6554420129289253
1.2762720155208536 1.3744467859455345 1.9634954084936207 2.1598449493429825 2.5525440310417071 2.748893571891069 9 1.1525901053531324
1.1780972450961724 1.2762720155208536 1.9634954084936207 2.1598449493429825 2.5525440310417071 2.748893571891069 6 0.80439420639697268
1.1780972450961724 1.3744467859455345 1.9634954084936207 2.1598449493429825 2.3561944901923448 2.5525440310417071 5 0.52228694076148041
1.3744467859455345 1.5707963267948966 1.5707963267948966 1.9634954084936207 2.748893571891069 3.1415926535897931 4 1.4142135623636805
1.1780972450961724 1.3744467859455345 1.7671458676442586 1.9634954084936207 2.748893571891069 3.1415926535897931 10 0.53073372945166808
1.1780972450961724 1.3744467859455345 1.5707963267948966 1.7671458676442586 2.748893571891069 3.1415926535897931 4 1.41421356236368
1.3744467859455345 1.5707963267948966 1.7671458676442586 1.9634954084936207 2.5525440310417071 2.748893571891069 4 0.70710678117742676
1.4726215563702154 1.5707963267948966 1.7671458676442586 1.9634954084936207 2.454369260617026 2.5525440310417071 3 0.72566143353684709
1.3744467859455345 1.4726215563702154 1.8653206380689396 1.9634954084936207 2.454369260617026 2.5525440310417071 3 0.62997076269348395
1.3744467859455345 1.4726215563702154 1.7671458676442586 1.8653206380689396 2.454369260617026 2.5525440310417071 4 1.2557008945833439
1.4726215563702154 1.5707963267948966 1.7671458676442586 1.9634954084936207 2.3561944901923448 2.454369260617026 3 1.0019678483468162
1.3744467859455345 1.4726215563702154 1.8653206380689396 1.9634954084936207 2.3561944901923448 2.454369260617026 3 0.90627717750345305
1.3744467859455345 1.4726215563702154 1.7671458676442586 1.8653206380689396 2.3561944901923448 2.454369260617026 4 1.1795804270950132
1.3744467859455345 1.5707963267948966 1.5707963267948966 1.7671458676442586 2.3561944901923448 2.748893571891069 4 1.8284271247383614
1.1780972450961724 1.3744467859455345 1.7671458676442586 1.9634954084936207 2.3561944901923448 2.748893571891069 10 0.82362694826441618
1.1780972450961724 1.3744467859455345 1.5707963267948966 1.7671458676442586 2.5525440310417071 2.748893571891069 4 0.70710678117742631
1.1780972450961724 1.3744467859455345 1.5707963267948966 1.7671458676442586 2.3561944901923448 2.5525440310417071 5 0.70710678117861769
0.98174770424681035 1.1780972450961724 1.9634954084936207 2.3561944901923448 2.748893571891069 3.1415926535897931 6 0.70710678117742898
0.78539816339744828 0.98174770424681035 2.2580197197676637 2.3561944901923448 2.9452431127404308 3.1415926535897931 8 1.4142135623636805
0.78539816339744828 0.98174770424681035 2.1598449493429825 2.2580197197676637 2.9452431127404308 3.1415926535897931 6 1.4938238983947054
0.88357293382212931 0.98174770424681035 2.2580197197676637 2.3561944901923448 2.8470683423157501 2.9452431127404308 6 0.91605014401343243
0.88357293382212931 0.98174770424681035 2.3071071049800045 2.3561944901923448 2.748893571891069 2.8470683423157501 8 0.84775906501481035
0.88357293382212931 0.98174770424681035 2.2580197197676637 2.3071071049800045 2.748893571891069 2.8470683423157501 6 0.98460303935229732
0.78539816339744828 0.88357293382212931 2.2580197197676637 2.3561944901923448 2.748893571891069 2.9452431127404308 8 1.8284271247383623
0.88357293382212931 0.98174770424681035 2.1598449493429825 2.2580197197676637 2.748893571891069 2.9452431127404308 6 1.5151741508828294
0.78539816339744828 0.88357293382212931 2.1598449493429825 2.2580197197676637 2.8470683423157501 2.9452431127404308 6 0.91605014401343221
0.78539816339744828 0.88357293382212931 2.1598449493429825 2.2580197197676637 2.748893571891069 2.8470683423157501 9 0.88192126433891216
0.78539816339744828 0.98174770424681035 1.9634954084936207 2.1598449493429825 2.748893571891069 3.1415926535897931 6 0.70710678117742498
0.98174770424681035 1.1780972450961724 2.2580197197676637 2.3561944901923448 2.5525440310417071 2.748893571891069 5 1.3534334308964695
0.98174770424681035 1.1780972450961724 2.1598449493429825 2.2580197197676637 2.5525440310417071 2.748893571891069 6 1.5253540284042231
0.98174770424681035 1.1780972450961724 2.1598449493429825 2.3561944901923448 2.3561944901923448 2.5525440310417071 5 0.70710678117691295
0.98174770424681035 1.1780972450961724 1.9634954084936207 2.1598449493429825 2.3561944901923448 2.748893571891069 6 1.8284271247383597
0.88357293382212931 0.98174770424681035 2.2580197197676637 2.3561944901923448 2.6507188014663878 2.748893571891069 7 0.59644930376529548
0.88357293382212931 0.98174770424681035 2.2580197197676637 2.3561944901923448 2.5525440310417071 2.6507188014663878 5 0.77301045335327234
0.78539816339744828 0.88357293382212931 2.2580197197676637 2.3561944901923448 2.5525440310417071 2.748893571891069 8 1.8284271247383623
0.88357293382212931 0.98174770424681035 2.1598449493429825 2.2580197197676637 2.5525440310417071 2.748893571891069 6 1.2222809320700825
0.78539816339744828 0.88357293382212931 2.2089323345553229 2.2580197197676637 2.6507188014663878 2.748893571891069 8 1.1795804270950092
0.78539816339744828 0.88357293382212931 2.1598449493429825 2.2089323345553229 2.6507188014663878 2.748893571891069 6 0.56523562631378221
0.78539816339744828 0.88357293382212931 2.1598449493429825 2.2580197197676637 2.5525440310417071 2.6507188014663878 8 0.70710678117742753
0.78539816339744828 0.98174770424681035 2.2580197197676637 2.3561944901923448 2.3561944901923448 2.5525440310417071 8 1.4142135623636822
0.88357293382212931 0.98174770424681035 2.1598449493429825 2.2580197197676637 2.454369260617026 2.5525440310417071 6 1.2984013995584127
0.78539816339744828 0.88357293382212931 2.1598449493429825 2.2580197197676637 2.454369260617026 2.5525440310417071 8 1.4142135623636805
0.78539816339744828 0.98174770424681035 2.1598449493429825 2.2580197197676637 2.3561944901923448 2.454369260617026 6 0.55557023301010833
0.88357293382212931 0.98174770424681035 1.9634954084936207 2.1598449493429825 2.5525440310417071 2.748893571891069 6 1.5253540284042195
0.78539816339744828 0.88357293382212931 2.0616701789183018 2.1598449493429825 2.5525440310417071 2.748893571891069 6 0.8477590650148088
0.78539816339744828 0.88357293382212931 1.9634954084936207 2.0616701789183018 2.5525440310417071 2.748893571891069 7 1.3892144408746159
0.88357293382212931 0.98174770424681035 1.9634954084936207 2.1598449493429825 2.454369260617026 2.5525440310417071 6 1.6014744958925498
0.78539816339744828 0.88357293382212931 2.0616701789183018 2.1598449493429825 2.454369260617026 2.5525440310417071 6 0.92387953250313914
0.78539816339744828 0.88357293382212931 1.9634954084936207 2.0616701789183018 2.454369260617026 2.5525440310417071 7 0.73562706752528872
0.78539816339744828 0.98174770424681035 1.9634954084936207 2.1598449493429825 2.3561944901923448 2.454369260617026 6 0.85864332934424514
0.98174770424681035 1.1780972450961724 1.7671458676442586 1.9634954084936207 2.9452431127404308 3.1415926535897931 6 1.0315301299988162
1.0799224746714913 1.1780972450961724 1.8653206380689396 1.9634954084936207 2.748893571891069 2.9452431127404308 6 1.0972874252097207
1.0799224746714913 1.1780972450961724 1.7671458676442586 1.8653206380689396 2.748893571891069 2.9452431127404308 7 0.80338534194163747
0.98174770424681035 1.0799224746714913 1.7671458676442586 1.9634954084936207 2.748893571891069 2.9452431127404308 7 1.1508458972132423
0.98174770424681035 1.1780972450961724 1.5707963267948966 1.7671458676442586 2.9452431127404308 3.1415926535897931 4 0.70710678117801107
1.0799224746714913 1.1780972450961724 1.5707963267948966 1.7671458676442586 2.748893571891069 2.9452431127404308 4 0.6488466976336521
0.98174770424681035 1.0799224746714913 1.6689710972195777 1.7671458676442586 2.748893571891069 2.9452431127404308 7 1.6542656008106547
0.98174770424681035 1.0799224746714913 1.5707963267948966 1.6689710972195777 2.748893571891069 2.9452431127404308 12 1.1795804270950092
0.78539816339744828 0.98174770424681035 1.7671458676442586 1.9634954084936207 2.748893571891069 3.1415926535897931 7 1.1795804270950141
0.78539816339744828 0.98174770424681035 1.5707963267948966 1.7671458676442586 3.043417883165112 3.1415926535897931 8 0.70710678117684178
0.78539816339744828 0.98174770424681035 1.5707963267948966 1.7671458676442586 2.9452431127404308 3.043417883165112 7 0.64120310900131061
0.78539816339744828 0.98174770424681035 1.5707963267948966 1.7671458676442586 2.748893571891069 2.9452431127404308 7 1.2191232403475754
0.98174770424681035 1.1780972450961724 1.7671458676442586 1.9634954084936207 2.5525440310417071 2.748893571891069 7 0.55557023301008035
1.0799224746714913 1.1780972450961724 1.7671458676442586 1.9634954084936207 2.454369260617026 2.5525440310417071 10 1.2066558329911046
0.98174770424681035 1.0799224746714913 1.7671458676442586 1.9634954084936207 2.454369260617026 2.5525440310417071 7 1.2479190788997938
1.0799224746714913 1.1780972450961724 1.8653206380689396 1.9634954084936207 2.3561944901923448 2.454369260617026 6 1.2488239733765409
1.0799224746714913 1.1780972450961724 1.7671458676442586 1.8653206380689396 2.3561944901923448 2.454369260617026 11 1.0597019488026831
0.98174770424681035 1.0799224746714913 1.7671458676442586 1.9634954084936207 2.3561944901923448 2.454369260617026 6 0.5268219672643456
1.0799224746714913 1.1780972450961724 1.5707963267948966 1.7671458676442586 2.5525440310417071 2.748893571891069 11 0.54602090671720127
0.98174770424681035 1.0799224746714913 1.5707963267948966 1.7671458676442586 2.5525440310417071 2.748893571891069 7 1.1361395875187861
1.0799224746714913 1.1780972450961724 1.5707963267948966 1.7671458676442586 2.454369260617026 2.5525440310417071 5 0.5627876794464608
0.98174770424681035 1.0799224746714913 1.6689710972195777 1.7671458676442586 2.454369260617026 2.5525440310417071 7 1.7513387824972062
0.98174770424681035 1.0799224746714913 1.5707963267948966 1.6689710972195777 2.454369260617026 2.5525440310417071 12 1.7968969947289959
1.0799224746714913 1.1780972450961724 1.5707963267948966 1.7671458676442586 2.3561944901923448 2.454369260617026 11 1.255736229461784
0.98174770424681035 1.0799224746714913 1.6689710972195777 1.7671458676442586 2.3561944901923448 2.454369260617026 7 1.1422491416405056
0.98174770424681035 1.0799224746714913 1.5707963267948966 1.6689710972195777 2.3561944901923448 2.454369260617026 8 0.70710678117801429
0.78539816339744828 0.98174770424681035 1.5707963267948966 1.9634954084936207 2.3561944901923448 2.748893571891069 7 0.70710678117742631
1.3744467859455345 1.5707963267948966 1.9634954084936207 2.3561944901923448 1.9634954084936207 2.3561944901923448 3 1.0101798775116544
1.1780972450961724 1.3744467859455345 2.1598449493429825 2.3561944901923448 2.1598449493429825 2.3561944901923448 5 1.077668258547648
1.1780972450961724 1.3744467859455345 2.2580197197676637 2.3561944901923448 1.9634954084936207 2.1598449493429825 5 1.3196290465943186
1.1780972450961724 1.3744467859455345 2.1598449493429825 2.2580197197676637 1.9634954084936207 2.1598449493429825 3 0.83996299617833214
1.1780972450961724 1.3744467859455345 1.9634954084936207 2.1598449493429825 1.9634954084936207 2.3561944901923448 3 0.70710678117930925
1.3744467859455345 1.5707963267948966 2.1598449493429825 2.3561944901923448 1.7671458676442586 1.9634954084936207 3 0.85864332934458409
1.3744467859455345 1.5707963267948966 2.2580197197676637 2.3561944901923448 1.5707963267948966 1.7671458676442586 8 1.4142135623636805
1.3744467859455345 1.5707963267948966 2.1598449493429825 2.2580197197676637 1.5707963267948966 1.7671458676442586 3 0.65270206264889963
1.3744467859455345 1.5707963267948966 1.9634954084936207 2.1598449493429825 1.5707963267948966 1.9634954084936207 3 0.73661859897493998
1.1780972450961724 1.3744467859455345 2.2580197197676637 2.3561944901923448 1.7671458676442586 1.9634954084936207 5 1.2435085791059879
1.2762720155208536 1.3744467859455345 2.1598449493429825 2.2580197197676637 1.7671458676442586 1.9634954084936207 3 0.77339185498279517
1.1780972450961724 1.2762720155208536 2.1598449493429825 2.2580197197676637 1.7671458676442586 1.9634954084936207 6 1.1186376776968214
1.1780972450961724 1.3744467859455345 2.2580197197676637 2.3561944901923448 1.5707963267948966 1.7671458676442586 5 1.4120389668028872
1.2762720155208536 1.3744467859455345 2.1598449493429825 2.2580197197676637 1.6689710972195777 1.7671458676442586 3 0.5081062992175307
1.2762720155208536 1.3744467859455345 2.1598449493429825 2.2580197197676637 1.5707963267948966 1.6689710972195777 5 0.80136184373787922
1.1780972450961724 1.2762720155208536 2.1598449493429825 2.2580197197676637 1.5707963267948966 1.7671458676442586 5 0.62610880867948571
1.1780972450961724 1.3744467859455345 1.9634954084936207 2.1598449493429825 1.7671458676442586 1.9634954084936207 3 0.55557023301223896
1.2762720155208536 1.3744467859455345 1.9634954084936207 2.1598449493429825 1.5707963267948966 1.7671458676442586 9 0.70816033837356507
1.1780972450961724 1.2762720155208536 1.9634954084936207 2.1598449493429825 1.5707963267948966 1.7671458676442586 6 0.80439420639697268
1.3744467859455345 1.5707963267948966 1.7671458676442586 1.9634954084936207 1.9634954084936207 2.3561944901923448 3 0.7071067811775138
1.3744467859455345 1.5707963267948966 1.5707963267948966 1.7671458676442586 1.9634954084936207 2.3561944901923448 4 1.8284271247383614
1.1780972450961724 1.3744467859455345 1.7671458676442586 1.9634954084936207 1.9634954084936207 2.3561944901923448 10 0.53073372945166808
1.2762720155208536 1.3744467859455345 1.5707963267948966 1.7671458676442586 2.2580197197676637 2.3561944901923448 4 1.1795804270950132
1.1780972450961724 1.2762720155208536 1.5707963267948966 1.7671458676442586 2.2580197197676637 2.3561944901923448 11 0.90314106183596776
1.2762720155208536 1.3744467859455345 1.5707963267948966 1.7671458676442586 2.1598449493429825 2.2580197197676637 4 1.2557008945833441
1.1780972450961724 1.2762720155208536 1.6689710972195777 1.7671458676442586 2.1598449493429825 2.2580197197676637 11 2.0540638272712539
1.1780972450961724 1.2762720155208536 1.5707963267948966 1.6689710972195777 2.1598449493429825 2.2580197197676637 4 0.92387953250313815
1.1780972450961724 1.3744467859455345 1.5707963267948966 1.7671458676442586 1.9634954084936207 2.1598449493429825 4 0.70710678117742687
1.3744467859455345 1.5707963267948966 1.5707963267948966 1.9634954084936207 1.5707963267948966 1.9634954084936207 4 1.4142135623636813
1.1780972450961724 1.3744467859455345 1.7671458676442586 1.9634954084936207 1.5707963267948966 1.9634954084936207 10 0.53073372945166808
1.1780972450961724 1.3744467859455345 1.5707963267948966 1.7671458676442586 1.5707963267948966 1.9634954084936207 4 1.4142135623636809
0.98174770424681035 1.1780972450961724 1.9634954084936207 2.3561944901923448 1.9634954084936207 2.3561944901923448 6 1.4142135623636827
0.78539816339744828 0.98174770424681035 2.2580197197676637 2.3561944901923448 2.1598449493429825 2.3561944901923448 8 1.4142135623636807
0.78539816339744828 0.98174770424681035 2.1598449493429825 2.2580197197676637 2.1598449493429825 2.3561944901923448 3 0.509378749069757
0.78539816339744828 0.98174770424681035 2.1598449493429825 2.3561944901923448 1.9634954084936207 2.1598449493429825 6 0.70710678117683978
0.78539816339744828 0.98174770424681035 1.9634954084936207 2.1598449493429825 1.9634954084936207 2.3561944901923448 3 0.59329528539579734
0.98174770424681035 1.1780972450961724 2.1598449493429825 2.3561944901923448 1.7671458676442586 1.9634954084936207 6 1.0315301299986677
0.98174770424681035 1.1780972450961724 2.2580197197676637 2.3561944901923448 1.5707963267948966 1.7671458676442586 11 1.0240329183314647
0.98174770424681035 1.1780972450961724 2.1598449493429825 2.2580197197676637 1.5707963267948966 1.7671458676442586 6 1.5253540284042231
0.98174770424681035 1.1780972450961724 1.9634954084936207 2.1598449493429825 1.5707963267948966 1.9634954084936207 6 1.8284271247383597
0.88357293382212931 0.98174770424681035 2.2580197197676637 2.3561944901923448 1.7671458676442586 1.9634954084936207 6 0.72845703366452708
0.78539816339744828 0.88357293382212931 2.2580197197676637 2.3561944901923448 1.7671458676442586 1.9634954084936207 8 1.8284271247383623
0.78539816339744828 0.98174770424681035 2.1598449493429825 2.2580197197676637 1.7671458676442586 1.9634954084936207 6 0.72845703366452685
0.78539816339744828 0.98174770424681035 2.2580197197676637 2.3561944901923448 1.5707963267948966 1.7671458676442586 8 1.414213562363682
0.88357293382212931 0.98174770424681035 2.1598449493429825 2.2580197197676637 1.5707963267948966 1.7671458676442586 6 1.2222809320700825
0.78539816339744828 0.88357293382212931 2.1598449493429825 2.2580197197676637 1.5707963267948966 1.7671458676442586 8 1.4142135623636802
0.78539816339744828 0.98174770424681035 1.9634954084936207 2.1598449493429825 1.7671458676442586 1.9634954084936207 6 1.0315301299986637
0.88357293382212931 0.98174770424681035 1.9634954084936207 2.1598449493429825 1.5707963267948966 1.7671458676442586 6 1.5253540284042195
0.78539816339744828 0.88357293382212931 1.9634954084936207 2.1598449493429825 1.6689710972195777 1.7671458676442586 6 0.58274395006157798
0.78539816339744828 0.88357293382212931 2.0616701789183018 2.1598449493429825 1.5707963267948966 1.6689710972195777 6 0.8477590650148088
0.78539816339744828 0.88357293382212931 1.9634954084936207 2.0616701789183018 1.5707963267948966 1.6689710972195777 7 0.83364420785484084
0.98174770424681035 1.1780972450961724 1.7671458676442586 1.9634954084936207 1.9634954084936207 2.3561944901923448 6 0.64884669763365266
1.0799224746714913 1.1780972450961724 1.5707963267948966 1.7671458676442586 2.2580197197676637 2.3561944901923448 11 2.2531276879030431
0.98174770424681035 1.0799224746714913 1.6689710972195777 1.7671458676442586 2.2580197197676637 2.3561944901923448 7 0.85417119615546389
0.98174770424681035 1.0799224746714913 1.5707963267948966 1.6689710972195777 2.2580197197676637 2.3561944901923448 8 0.70710678117801329
1.0799224746714913 1.1780972450961724 1.5707963267948966 1.7671458676442586 2.1598449493429825 2.2580197197676637 11 1.7411112287323471
0.98174770424681035 1.0799224746714913 1.6689710972195777 1.7671458676442586 2.1598449493429825 2.2580197197676637 6 0.74039007342937824
0.98174770424681035 1.0799224746714913 1.5707963267948966 1.6689710972195777 2.1598449493429825 2.2580197197676637 12 1.7968969947289977
1.0799224746714913 1.1780972450961724 1.5707963267948966 1.7671458676442586 1.9634954084936207 2.1598449493429825 11 0.54602090671720127
0.98174770424681035 1.0799224746714913 1.5707963267948966 1.7671458676442586 1.9634954084936207 2.1598449493429825 6 0.5548658462026469
0.78539816339744828 0.98174770424681035 1.7671458676442586 1.9634954084936207 1.9634954084936207 2.3561944901923448 7 1.1795804270950141
0.78539816339744828 0.98174770424681035 1.5707963267948966 1.7671458676442586 2.2580197197676637 2.3561944901923448 8 0.70710678117684189
0.88357293382212931 0.98174770424681035 1.5707963267948966 1.7671458676442586 2.1598449493429825 2.2580197197676637 7 0.66293922459697874
0.78539816339744828 0.88357293382212931 1.5707963267948966 1.7671458676442586 2.1598449493429825 2.2580197197676637 8 1.4142135623636813
0.78539816339744828 0.98174770424681035 1.5707963267948966 1.7671458676442586 1.9634954084936207 2.1598449493429825 7 0.58274395006157986
1.0799224746714913 1.1780972450961724 1.7671458676442586 1.9634954084936207 1.7671458676442586 1.9634954084936207 10 0.75786965305328047
0.98174770424681035 1.0799224746714913 1.7671458676442586 1.9634954084936207 1.7671458676442586 1.9634954084936207 6 0.69970876791876413
1.0799224746714913 1.1780972450961724 1.8653206380689396 1.9634954084936207 1.5707963267948966 1.7671458676442586 6 0.80439420639697379
1.0799224746714913 1.1780972450961724 1.7671458676442586 1.8653206380689396 1.5707963267948966 1.7671458676442586 4 0.70710678117714498
0.98174770424681035 1.0799224746714913 1.7671458676442586 1.9634954084936207 1.5707963267948966 1.7671458676442586 7 1.3459362192293458
1.0799224746714913 1.1780972450961724 1.5707963267948966 1.7671458676442586 1.7671458676442586 1.9634954084936207 4 0.64884669763365288
0.98174770424681035 1.0799224746714913 1.5707963267948966 1.7671458676442586 1.7671458676442586 1.9634954084936207 7 0.96325278686417848
0.98174770424681035 1.1780972450961724 1.5707963267948966 1.7671458676442586 1.5707963267948966 1.7671458676442586 4 0.70710678117801229
0.78539816339744828 0.98174770424681035 1.5707963267948966 1.9634954084936207 1.5707963267948966 1.9634954084936207 7 1.4142135623636789
1.3744467859455345 1.5707963267948966 2.2580197197676637 2.3561944901923448 1.3744467859455345 1.5707963267948966 5 0.58056935449900871
1.4726215563702154 1.5707963267948966 2.1598449493429825 2.2580197197676637 1.3744467859455345 1.5707963267948966 3 0.6277029411594931
1.3744467859455345 1.4726215563702154 2.1598449493429825 2.2580197197676637 1.3744467859455345 1.5707963267948966 5 0.55261282961001101
1.3744467859455345 1.5707963267948966 2.2580197197676637 2.3561944901923448 1.1780972450961724 1.3744467859455345 5 1.4120389668019984
1.4726215563702154 1.5707963267948966 2.1598449493429825 2.2580197197676637 1.2762720155208536 1.3744467859455345 8 0.70710678117742298
1.4726215563702154 1.5707963267948966 2.1598449493429825 2.2580197197676637 1.1780972450961724 1.2762720155208536 5 0.53369888846968294
1.3744467859455345 1.4726215563702154 2.1598449493429825 2.2580197197676637 1.1780972450961724 1.3744467859455345 5 1.3840824419130007
1.3744467859455345 1.5707963267948966 1.9634954084936207 2.1598449493429825 1.3744467859455345 1.5707963267948966 4 0.70710678117801329
1.4726215563702154 1.5707963267948966 1.9634954084936207 2.1598449493429825 1.2762720155208536 1.3744467859455345 4 0.81622893500646621
1.4726215563702154 1.5707963267948966 2.0616701789183018 2.1598449493429825 1.1780972450961724 1.2762720155208536 9 1.2802557922309707
1.4726215563702154 1.5707963267948966 1.9634954084936207 2.0616701789183018 1.1780972450961724 1.2762720155208536 4 1.0823922002837798
1.3744467859455345 1.4726215563702154 1.9634954084936207 2.1598449493429825 1.1780972450961724 1.3744467859455345 9 1.9287043390815264
1.1780972450961724 1.3744467859455345 2.1598449493429825 2.3561944901923448 1.1780972450961724 1.5707963267948966 5 1.2727585805637589
1.2762720155208536 1.3744467859455345 1.9634954084936207 2.1598449493429825 1.3744467859455345 1.5707963267948966 9 1.7081603383725656
1.1780972450961724 1.2762720155208536 1.9634954084936207 2.1598449493429825 1.3744467859455345 1.5707963267948966 6 0.80439420639697268
1.1780972450961724 1.3744467859455345 1.9634954084936207 2.1598449493429825 1.1780972450961724 1.3744467859455345 5 0.64664977187763095
1.3744467859455345 1.5707963267948966 2.2580197197676637 2.3561944901923448 0.98174770424681035 1.1780972450961724 5 0.77565967651515588
1.521708941582556 1.5707963267948966 2.1598449493429825 2.2580197197676637 1.0799224746714913 1.1780972450961724 8 0.84775906501480591
1.4726215563702154 1.521708941582556 2.1598449493429825 2.2580197197676637 1.0799224746714913 1.1780972450961724 5 0.7301729999282387
1.4726215563702154 1.5707963267948966 2.1598449493429825 2.2580197197676637 0.98174770424681035 1.0799224746714913 8 0.70710678117742354
1.3744467859455345 1.4726215563702154 2.1598449493429825 2.2580197197676637 0.98174770424681035 1.1780972450961724 5 0.74770315162615819
1.3744467859455345 1.5707963267948966 2.2580197197676637 2.3561944901923448 0.78539816339744828 0.98174770424681035 8 1.4142135623636802
1.4726215563702154 1.5707963267948966 2.1598449493429825 2.2580197197676637 0.78539816339744828 0.98174770424681035 8 1.4142135623636776
1.3744467859455345 1.4726215563702154 2.1598449493429825 2.2580197197676637 0.78539816339744828 0.98174770424681035 9 0.91058557507324434
1.4726215563702154 1.5707963267948966 1.9634954084936207 2.1598449493429825 0.98174770424681035 1.1780972450961724 12 0.76536686472032645
1.3744467859455345 1.4726215563702154 1.9634954084936207 2.1598449493429825 0.98174770424681035 1.1780972450961724 9 1.3113877714475408
1.4726215563702154 1.5707963267948966 2.0616701789183018 2.1598449493429825 0.88357293382212931 0.98174770424681035 9 0.8314696122938845
1.521708941582556 1.5707963267948966 1.9634954084936207 2.0616701789183018 0.88357293382212931 0.98174770424681035 3 0.57351283570067912
1.4726215563702154 1.521708941582556 1.9634954084936207 2.0616701789183018 0.88357293382212931 0.98174770424681035 9 0.78900743927899142
1.4726215563702154 1.5707963267948966 1.9634954084936207 2.1598449493429825 0.78539816339744828 0.88357293382212931 9 0.66734972439078022
1.3744467859455345 1.4726215563702154 1.9634954084936207 2.1598449493429825 0.78539816339744828 0.98174770424681035 9 1.4799181591444401
1.1780972450961724 1.3744467859455345 2.1598449493429825 2.3561944901923448 0.78539816339744828 1.1780972450961724 5 0.56565179937750387
1.1780972450961724 1.3744467859455345 1.9634954084936207 2.1598449493429825 0.78539816339744828 1.1780972450961724 6 0.64884669763365088
1.3744467859455345 1.5707963267948966 1.5707963267948966 1.9634954084936207 1.1780972450961724 1.5707963267948966 4 1.4142135623636809
1.1780972450961724 1.3744467859455345 1.7671458676442586 1.9634954084936207 1.1780972450961724 1.5707963267948966 10 0.53073372945166808
1.1780972450961724 1.3744467859455345 1.5707963267948966 1.7671458676442586 1.1780972450961724 1.5707963267948966 4 1.4142135623636805
1.3744467859455345 1.5707963267948966 1.7671458676442586 1.9634954084936207 0.98174770424681035 1.1780972450961724 4 0.70710678117742631
1.4726215563702154 1.5707963267948966 1.7671458676442586 1.9634954084936207 0.78539816339744828 0.98174770424681035 4 0.84775906501480813
1.3744467859455345 1.4726215563702154 1.9144080232812801 1.9634954084936207 0.88357293382212931 0.98174770424681035 9 0.61641594575927439
1.3744467859455345 1.4726215563702154 1.8653206380689396 1.9144080232812801 0.88357293382212931 0.98174770424681035 4 0.8805146738853068
1.3744467859455345 1.4726215563702154 1.8653206380689396 1.9634954084936207 0.78539816339744828 0.88357293382212931 9 0.5052102927348936
1.3744467859455345 1.4726215563702154 1.7671458676442586 1.8653206380689396 0.78539816339744828 0.98174770424681035 4 1.1795804270950132
1.3744467859455345 1.5707963267948966 1.5707963267948966 1.7671458676442586 0.78539816339744828 1.1780972450961724 4 1.8284271247383614
1.1780972450961724 1.3744467859455345 1.7671458676442586 1.9634954084936207 0.78539816339744828 1.1780972450961724 10 0.53073372945166808
1.1780972450961724 1.3744467859455345 1.5707963267948966 1.7671458676442586 0.98174770424681035 1.1780972450961724 4 0.70710678117742587
1.1780972450961724 1.3744467859455345 1.5707963267948966 1.7671458676442586 0.78539816339744828 0.98174770424681035 1 0.55557023300984754
0.98174770424681035 1.1780972450961724 2.2580197197676637 2.3561944901923448 1.3744467859455345 1.5707963267948966 5 0.97074999853130306
0.98174770424681035 1.1780972450961724 2.1598449493429825 2.2580197197676637 1.3744467859455345 1.5707963267948966 6 1.5253540284042231
0.98174770424681035 1.1780972450961724 2.1598449493429825 2.3561944901923448 1.1780972450961724 1.3744467859455345 5 0.83146961229306349
0.98174770424681035 1.1780972450961724 1.9634954084936207 2.1598449493429825 1.1780972450961724 1.5707963267948966 6 1.8284271247383597
0.78539816339744828 0.98174770424681035 2.2580197197676637 2.3561944901923448 1.3744467859455345 1.5707963267948966 8 1.4142135623636809
0.88357293382212931 0.98174770424681035 2.1598449493429825 2.2580197197676637 1.3744467859455345 1.5707963267948966 6 1.2222809320700825
0.78539816339744828 0.88357293382212931 2.1598449493429825 2.2580197197676637 1.3744467859455345 1.5707963267948966 8 1.4142135623636791
0.88357293382212931 0.98174770424681035 2.2580197197676637 2.3561944901923448 1.1780972450961724 1.3744467859455345 5 0.83146961229315908
0.78539816339744828 0.88357293382212931 2.2580197197676637 2.3561944901923448 1.1780972450961724 1.3744467859455345 8 1.8284271247383623
0.78539816339744828 0.98174770424681035 2.1598449493429825 2.2580197197676637 1.1780972450961724 1.3744467859455345 6 0.72845703366452752
0.88357293382212931 0.98174770424681035 1.9634954084936207 2.1598449493429825 1.3744467859455345 1.5707963267948966 6 1.5253540284042195
0.78539816339744828 0.88357293382212931 1.9634954084936207 2.1598449493429825 1.3744467859455345 1.5707963267948966 9 0.56933258406122456
0.78539816339744828 0.98174770424681035 1.9634954084936207 2.1598449493429825 1.1780972450961724 1.3744467859455345 6 1.0315301299986643
0.98174770424681035 1.1780972450961724 1.9634954084936207 2.3561944901923448 0.78539816339744828 1.1780972450961724 6 1.414213562363682
0.78539816339744828 0.98174770424681035 2.1598449493429825 2.3561944901923448 0.98174770424681035 1.1780972450961724 6 0.707106781176841
0.78539816339744828 0.98174770424681035 2.2580197197676637 2.3561944901923448 0.78539816339744828 0.98174770424681035 8 1.4142135623636818
0.78539816339744828 0.98174770424681035 2.1598449493429825 2.2580197197676637 0.78539816339744828 0.98174770424681035 6 1.1111404660295412
0.78539816339744828 0.98174770424681035 1.9634954084936207 2.1598449493429825 0.78539816339744828 1.1780972450961724 6 1.414213562363678
1.0799224746714913 1.1780972450961724 1.8653206380689396 1.9634954084936207 1.3744467859455345 1.5707963267948966 6 0.80439420639697379
1.0799224746714913 1.1780972450961724 1.7671458676442586 1.8653206380689396 1.3744467859455345 1.5707963267948966 4 0.70710678117714465
0.98174770424681035 1.0799224746714913 1.8653206380689396 1.9634954084936207 1.3744467859455345 1.5707963267948966 6 1.2379397090471
0.98174770424681035 1.0799224746714913 1.7671458676442586 1.8653206380689396 1.3744467859455345 1.5707963267948966 7 1.3636266027943564
1.0799224746714913 1.1780972450961724 1.7671458676442586 1.9634954084936207 1.1780972450961724 1.3744467859455345 10 0.75786965305328002
0.98174770424681035 1.0799224746714913 1.7671458676442586 1.9634954084936207 1.1780972450961724 1.3744467859455345 6 0.6997087679187648
0.98174770424681035 1.1780972450961724 1.5707963267948966 1.7671458676442586 1.3744467859455345 1.5707963267948966 4 0.70710678117801196
0.98174770424681035 1.1780972450961724 1.5707963267948966 1.7671458676442586 1.1780972450961724 1.3744467859455345 1 0.57027654270426109
0.78539816339744828 0.98174770424681035 1.7671458676442586 1.9634954084936207 1.1780972450961724 1.5707963267948966 7 1.1795804270950141
0.78539816339744828 0.98174770424681035 1.5707963267948966 1.7671458676442586 1.1780972450961724 1.5707963267948966 1 0.72095982199732356
0.98174770424681035 1.1780972450961724 1.7671458676442586 1.9634954084936207 0.78539816339744828 1.1780972450961724 6 0.64884669763365188
0.98174770424681035 1.1780972450961724 1.5707963267948966 1.7671458676442586 0.78539816339744828 1.1780972450961724 1 0.75786965305327947
0.78539816339744828 0.98174770424681035 1.5707963267948966 1.9634954084936207 0.78539816339744828 1.1780972450961724 1 0.72845703366468029
1.3744467859455345 1.5707963267948966 2.2580197197676637 2.3561944901923448 0.58904862254808621 0.78539816339744828 8 1.4142135623636798
1.3744467859455345 1.5707963267948966 2.1598449493429825 2.2580197197676637 0.58904862254808621 0.78539816339744828 9 0.7516045136689099
1.4726215563702154 1.5707963267948966 2.2580197197676637 2.3561944901923448 0.39269908169872414 0.58904862254808621 3 0.63855388583873163
1.3744467859455345 1.4726215563702154 2.2580197197676637 2.3561944901923448 0.39269908169872414 0.58904862254808621 5 0.54257754774881461
1.4726215563702154 1.5707963267948966 2.1598449493429825 2.2580197197676637 0.39269908169872414 0.58904862254808621 3 0.98818285216281776
1.3744467859455345 1.4726215563702154 2.1598449493429825 2.2580197197676637 0.39269908169872414 0.58904862254808621 9 0.81817565486467558
1.3744467859455345 1.5707963267948966 1.9634954084936207 2.1598449493429825 0.58904862254808621 0.78539816339744828 9 1.3209370977401058
1.3744467859455345 1.5707963267948966 1.9634954084936207 2.1598449493429825 0.39269908169872414 0.58904862254808621 3 0.54152827695883121
1.1780972450961724 1.3744467859455345 2.2580197197676637 2.3561944901923448 0.58904862254808621 0.78539816339744828 5 1.2435085791059879
1.2762720155208536 1.3744467859455345 2.1598449493429825 2.2580197197676637 0.58904862254808621 0.78539816339744828 9 1.6943979873211397
1.1780972450961724 1.2762720155208536 2.1598449493429825 2.2580197197676637 0.58904862254808621 0.78539816339744828 6 0.57744157755116643
1.1780972450961724 1.3744467859455345 2.2580197197676637 2.3561944901923448 0.39269908169872414 0.58904862254808621 5 1.2627232987025625
1.2762720155208536 1.3744467859455345 2.1598449493429825 2.2580197197676637 0.49087385212340517 0.58904862254808621 9 0.84854307704694998
1.2762720155208536 1.3744467859455345 2.2089323345553229 2.2580197197676637 0.39269908169872414 0.49087385212340517 5 0.98806411988844212
1.2762720155208536 1.3744467859455345 2.1598449493429825 2.2089323345553229 0.39269908169872414 0.49087385212340517 9 1.0471194295183026
1.1780972450961724 1.2762720155208536 2.1598449493429825 2.2580197197676637 0.39269908169872414 0.58904862254808621 6 0.50132111006283586
1.1780972450961724 1.3744467859455345 1.9634954084936207 2.1598449493429825 0.58904862254808621 0.78539816339744828 9 0.5555702330100758
1.2762720155208536 1.3744467859455345 1.9634954084936207 2.1598449493429825 0.39269908169872414 0.58904862254808621 9 0.78428080586189564
1.1780972450961724 1.2762720155208536 1.9634954084936207 2.1598449493429825 0.39269908169872414 0.58904862254808621 6 0.80439420639697268
1.3744467859455345 1.5707963267948966 1.9634954084936207 2.3561944901923448 0 0.39269908169872414 3 0.68575652868997961
1.1780972450961724 1.3744467859455345 2.1598449493429825 2.3561944901923448 0 0.39269908169872414 5 0.890075148198745
1.2762720155208536 1.3744467859455345 1.9634954084936207 2.1598449493429825 0.19634954084936207 0.39269908169872414 3 0.68442159065423103
1.1780972450961724 1.2762720155208536 1.9634954084936207 2.1598449493429825 0.19634954084936207 0.39269908169872414 6 1.0972874252097182
1.1780972450961724 1.3744467859455345 1.9634954084936207 2.1598449493429825 0 0.19634954084936207 3 0.83146961229545835
1.4726215563702154 1.5707963267948966 1.7671458676442586 1.9634954084936207 0.58904862254808621 0.78539816339744828 4 0.84775906501480813
1.3744467859455345 1.4726215563702154 1.8653206380689396 1.9634954084936207 0.58904862254808621 0.78539816339744828 9 1.1587976660842192
1.3744467859455345 1.4726215563702154 1.7671458676442586 1.8653206380689396 0.58904862254808621 0.78539816339744828 4 1.1795804270950132
1.3744467859455345 1.5707963267948966 1.7671458676442586 1.9634954084936207 0.39269908169872414 0.58904862254808621 4 0.70710678117742642
1.3744467859455345 1.5707963267948966 1.5707963267948966 1.7671458676442586 0.39269908169872414 0.78539816339744828 4 1.8284271247383614
1.1780972450961724 1.3744467859455345 1.7671458676442586 1.9634954084936207 0.39269908169872414 0.78539816339744828 10 0.82362694826441341
1.1780972450961724 1.3744467859455345 1.5707963267948966 1.7671458676442586 0.39269908169872414 0.78539816339744828 1 0.70710678117691717
1.3744467859455345 1.5707963267948966 1.5707963267948966 1.9634954084936207 0 0.39269908169872414 4 1.4142135623636811
1.1780972450961724 1.3744467859455345 1.5707963267948966 1.9634954084936207 0 0.39269908169872414 1 0.54869331180417169
1.0799224746714913 1.1780972450961724 2.2580197197676637 2.3561944901923448 0.58904862254808621 0.78539816339744828 5 0.84935592282775163
0.98174770424681035 1.0799224746714913 2.2580197197676637 2.3561944901923448 0.58904862254808621 0.78539816339744828 6 0.92387953250313914
0.98174770424681035 1.1780972450961724 2.1598449493429825 2.2580197197676637 0.58904862254808621 0.78539816339744828 6 1.6014744958925538
0.98174770424681035 1.1780972450961724 2.2580197197676637 2.3561944901923448 0.39269908169872414 0.58904862254808621 11 0.64134948596645125
0.98174770424681035 1.1780972450961724 2.1598449493429825 2.2580197197676637 0.39269908169872414 0.58904862254808621 6 1.5253540284042231
0.98174770424681035 1.1780972450961724 1.9634954084936207 2.1598449493429825 0.39269908169872414 0.78539816339744828 6 1.8284271247383597
0.78539816339744828 0.98174770424681035 2.2580197197676637 2.3561944901923448 0.58904862254808621 0.78539816339744828 8 1.4142135623636813
0.78539816339744828 0.98174770424681035 2.1598449493429825 2.2580197197676637 0.58904862254808621 0.78539816339744828 1 0.54946067888954542
0.78539816339744828 0.98174770424681035 2.1598449493429825 2.3561944901923448 0.39269908169872414 0.58904862254808621 1 0.52839651596002213
0.78539816339744828 0.98174770424681035 1.9634954084936207 2.1598449493429825 0.39269908169872414 0.78539816339744828 1 0.70710678117751524
0.98174770424681035 1.1780972450961724 1.9634954084936207 2.3561944901923448 0 0.39269908169872414 6 0.70710678117742753
0.78539816339744828 0.98174770424681035 1.9634954084936207 2.3561944901923448 0 0.39269908169872414 1 0.62080643616893649
0.78539816339744828 1.1780972450961724 1.5707963267948966 1.9634954084936207 0 0.78539816339744828 1 0.70710678117714498
1.3744467859455345 1.5707963267948966 1.1780972450961724 1.5707963267948966 2.748893571891069 3.1415926535897931 4 1.4142135623636793
1.1780972450961724 1.3744467859455345 1.1780972450961724 1.5707963267948966 2.748893571891069 3.1415926535897931 5 0.66293922459698029
1.3744467859455345 1.5707963267948966 1.3744467859455345 1.5707963267948966 2.3561944901923448 2.748893571891069 4 1.828427124738361
1.3744467859455345 1.5707963267948966 1.1780972450961724 1.3744467859455345 2.3561944901923448 2.748893571891069 5 2.0456226569611471
1.1780972450961724 1.3744467859455345 1.1780972450961724 1.5707963267948966 2.3561944901923448 2.748893571891069 5 2.0456226569611471
1.3744467859455345 1.5707963267948966 0.98174770424681035 1.1780972450961724 2.9452431127404308 3.1415926535897931 4 0.7071067811780104
1.4726215563702154 1.5707963267948966 1.0799224746714913 1.1780972450961724 2.748893571891069 2.9452431127404308 4 1.0823922002837785
1.4726215563702154 1.5707963267948966 0.98174770424681035 1.0799224746714913 2.748893571891069 2.9452431127404308 12 1.1795804270950065
1.3744467859455345 1.4726215563702154 0.98174770424681035 1.1780972450961724 2.748893571891069 2.9452431127404308 5 0.7774038846550938
1.3744467859455345 1.5707963267948966 0.78539816339744828 0.98174770424681035 3.043417883165112 3.1415926535897931 8 0.70710678117683978
1.4726215563702154 1.5707963267948966 0.78539816339744828 0.98174770424681035 2.9452431127404308 3.043417883165112 4 0.5548658462026469
1.3744467859455345 1.4726215563702154 0.93266031903446978 0.98174770424681035 2.9943304979527712 3.043417883165112 4 0.58274395006246704
1.3744467859455345 1.4726215563702154 0.88357293382212931 0.93266031903446978 2.9943304979527712 3.043417883165112 8 1.1480502970854958
1.4235341711578751 1.4726215563702154 0.93266031903446978 0.98174770424681035 2.9452431127404308 2.9943304979527712 4 0.70710678117861658
1.3744467859455345 1.4235341711578751 0.93266031903446978 0.98174770424681035 2.9452431127404308 2.9943304979527712 5 0.50403143567509179
1.3744467859455345 1.4726215563702154 0.88357293382212931 0.93266031903446978 2.9452431127404308 2.9943304979527712 8 0.765366864720331
1.3744467859455345 1.4726215563702154 0.78539816339744828 0.88357293382212931 2.9452431127404308 3.043417883165112 8 1.4142135623636791
1.4726215563702154 1.5707963267948966 0.88357293382212931 0.98174770424681035 2.8470683423157501 2.9452431127404308 8 0.70710678117742587
1.4726215563702154 1.5707963267948966 0.88357293382212931 0.98174770424681035 2.748893571891069 2.8470683423157501 7 0.86554939309525825
1.4726215563702154 1.5707963267948966 0.78539816339744828 0.88357293382212931 2.748893571891069 2.9452431127404308 8 1.8284271247383597
1.4235341711578751 1.4726215563702154 0.93266031903446978 0.98174770424681035 2.8961557275280905 2.9452431127404308 4 0.5555702330115474
1.4235341711578751 1.4726215563702154 0.93266031903446978 0.98174770424681035 2.8470683423157501 2.8961557275280905 5 0.5077682715952383
1.3744467859455345 1.4235341711578751 0.93266031903446978 0.98174770424681035 2.8470683423157501 2.9452431127404308 5 0.68941232801028718
1.3744467859455345 1.4726215563702154 0.88357293382212931 0.93266031903446978 2.8470683423157501 2.9452431127404308 9 0.71290574034619925
1.3744467859455345 1.4726215563702154 0.88357293382212931 0.98174770424681035 2.748893571891069 2.8470683423157501 9 0.76500294646088884
1.3744467859455345 1.4726215563702154 0.78539816339744828 0.88357293382212931 2.748893571891069 2.9452431127404308 9 1.5450769480732471
1.1780972450961724 1.3744467859455345 0.98174770424681035 1.1780972450961724 2.748893571891069 3.1415926535897931 5 1.0531198686292744
1.1780972450961724 1.3744467859455345 0.78539816339744828 0.98174770424681035 2.748893571891069 3.1415926535897931 1 0.50132111006283653
1.3744467859455345 1.5707963267948966 0.98174770424681035 1.1780972450961724 2.3561944901923448 2.748893571891069 5 0.77286407638746202
1.4726215563702154 1.5707963267948966 0.78539816339744828 0.98174770424681035 2.5525440310417071 2.748893571891069 7 0.70099722705661527
1.3744467859455345 1.4726215563702154 0.88357293382212931 0.98174770424681035 2.5525440310417071 2.748893571891069 5 0.74490755149855992
1.3744467859455345 1.4726215563702154 0.78539816339744828 0.88357293382212931 2.5525440310417071 2.748893571891069 1 0.54094131646620669
1.4726215563702154 1.5707963267948966 0.78539816339744828 0.98174770424681035 2.454369260617026 2.5525440310417071 8 1.41421356236368
1.3744467859455345 1.4726215563702154 0.88357293382212931 0.98174770424681035 2.454369260617026 2.5525440310417071 5 1.319164454866312
1.3744467859455345 1.4726215563702154 0.78539816339744828 0.88357293382212931 2.454369260617026 2.5525440310417071 1 0.63335123667477522
1.3744467859455345 1.5707963267948966 0.78539816339744828 0.98174770424681035 2.3561944901923448 2.454369260617026 8 0.70710678117684089
1.1780972450961724 1.3744467859455345 0.78539816339744828 1.1780972450961724 2.3561944901923448 2.748893571891069 5 0.63140909458863703
0.98174770424681035 1.1780972450961724 1.3744467859455345 1.5707963267948966 2.9452431127404308 3.1415926535897931 4 0.7071067811780104
1.0799224746714913 1.1780972450961724 1.3744467859455345 1.5707963267948966 2.748893571891069 2.9452431127404308 4 0.64884669763365144
0.98174770424681035 1.0799224746714913 1.4726215563702154 1.5707963267948966 2.748893571891069 2.9452431127404308 12 1.1795804270950065
0.98174770424681035 1.0799224746714913 1.3744467859455345 1.4726215563702154 2.748893571891069 2.9452431127404308 5 0.7774038846550938
0.98174770424681035 1.1780972450961724 1.1780972450961724 1.3744467859455345 2.748893571891069 3.1415926535897931 5 1.0531198686292744
0.78539816339744828 0.98174770424681035 1.3744467859455345 1.5707963267948966 3.043417883165112 3.1415926535897931 8 0.70710678117683978
0.88357293382212931 0.98174770424681035 1.4726215563702154 1.5707963267948966 2.9452431127404308 3.043417883165112 4 0.70710678117930803
0.93266031903446978 0.98174770424681035 1.3744467859455345 1.4726215563702154 2.9943304979527712 3.043417883165112 4 0.58274395006246704
0.88357293382212931 0.93266031903446978 1.3744467859455345 1.4726215563702154 2.9943304979527712 3.043417883165112 8 1.1480502970854958
0.93266031903446978 0.98174770424681035 1.4235341711578751 1.4726215563702154 2.9452431127404308 2.9943304979527712 4 0.70710678117861658
0.93266031903446978 0.98174770424681035 1.3744467859455345 1.4235341711578751 2.9452431127404308 2.9943304979527712 5 0.50403143567509179
0.88357293382212931 0.93266031903446978 1.3744467859455345 1.4726215563702154 2.9452431127404308 2.9943304979527712 8 0.765366864720331
0.78539816339744828 0.88357293382212931 1.3744467859455345 1.5707963267948966 2.9452431127404308 3.043417883165112 8 1.4142135623636791
0.88357293382212931 0.98174770424681035 1.4726215563702154 1.5707963267948966 2.8470683423157501 2.9452431127404308 8 0.70710678117742587
0.88357293382212931 0.98174770424681035 1.4726215563702154 1.5707963267948966 2.748893571891069 2.8470683423157501 7 0.86554939309525825
0.93266031903446978 0.98174770424681035 1.4235341711578751 1.4726215563702154 2.8961557275280905 2.9452431127404308 4 0.5555702330115474
0.93266031903446978 0.98174770424681035 1.4235341711578751 1.4726215563702154 2.8470683423157501 2.8961557275280905 5 0.5077682715952383
0.93266031903446978 0.98174770424681035 1.3744467859455345 1.4235341711578751 2.8470683423157501 2.9452431127404308 5 0.68941232801028718
0.88357293382212931 0.93266031903446978 1.3744467859455345 1.4726215563702154 2.8470683423157501 2.9452431127404308 9 0.71290574034619925
0.88357293382212931 0.98174770424681035 1.3744467859455345 1.4726215563702154 2.748893571891069 2.8470683423157501 9 0.76500294646088884
0.78539816339744828 0.88357293382212931 1.4726215563702154 1.5707963267948966 2.748893571891069 2.9452431127404308 8 1.8284271247383597
0.78539816339744828 0.88357293382212931 1.3744467859455345 1.4726215563702154 2.748893571891069 2.9452431127404308 9 1.5450769480732471
0.78539816339744828 0.98174770424681035 1.1780972450961724 1.3744467859455345 2.748893571891069 3.1415926535897931 1 0.50132111006283653
0.98174770424681035 1.1780972450961724 1.1780972450961724 1.5707963267948966 2.3561944901923448 2.748893571891069 5 0.77286407638746202
0.88357293382212931 0.98174770424681035 1.4726215563702154 1.5707963267948966 2.5525440310417071 2.748893571891069 7 0.94972288928891457
0.88357293382212931 0.98174770424681035 1.3744467859455345 1.4726215563702154 2.5525440310417071 2.748893571891069 5 0.74490755149855992
0.78539816339744828 0.88357293382212931 1.4726215563702154 1.5707963267948966 2.5525440310417071 2.748893571891069 7 0.70099722705661527
0.78539816339744828 0.88357293382212931 1.3744467859455345 1.4726215563702154 2.5525440310417071 2.748893571891069 1 0.54094131646620669
0.88357293382212931 0.98174770424681035 1.4726215563702154 1.5707963267948966 2.454369260617026 2.5525440310417071 8 1.41421356236368
0.88357293382212931 0.98174770424681035 1.3744467859455345 1.4726215563702154 2.454369260617026 2.5525440310417071 5 1.319164454866312
0.78539816339744828 0.88357293382212931 1.3744467859455345 1.5707963267948966 2.454369260617026 2.5525440310417071 8 1.4142135623636809
0.78539816339744828 0.98174770424681035 1.3744467859455345 1.5707963267948966 2.3561944901923448 2.454369260617026 8 0.70710678117684089
0.78539816339744828 0.98174770424681035 1.1780972450961724 1.3744467859455345 2.3561944901923448 2.748893571891069 1 0.57744157755116721
0.78539816339744828 1.1780972450961724 0.78539816339744828 1.1780972450961724 2.3561944901923448 3.1415926535897931 1 0.53073372945166342
1.3744467859455345 1.5707963267948966 1.3744467859455345 1.5707963267948966 1.9634954084936207 2.3561944901923448 4 1.828427124738361
1.3744467859455345 1.5707963267948966 1.1780972450961724 1.3744467859455345 1.9634954084936207 2.3561944901923448 5 0.73905969208531097
1.1780972450961724 1.3744467859455345 1.1780972450961724 1.5707963267948966 1.9634954084936207 2.3561944901923448 5 0.73905969208531097
1.3744467859455345 1.5707963267948966 1.1780972450961724 1.5707963267948966 1.5707963267948966 1.9634954084936207 4 1.4142135623636802
1.1780972450961724 1.3744467859455345 1.1780972450961724 1.5707963267948966 1.5707963267948966 1.9634954084936207 5 0.66293922459698029
1.3744467859455345 1.5707963267948966 0.98174770424681035 1.1780972450961724 2.2580197197676637 2.3561944901923448 5 0.68046532127679926
1.4726215563702154 1.5707963267948966 1.0799224746714913 1.1780972450961724 2.1598449493429825 2.2580197197676637 5 1.0736962463016335
1.4726215563702154 1.5707963267948966 0.98174770424681035 1.0799224746714913 2.1598449493429825 2.2580197197676637 12 1.796896994728995
1.3744467859455345 1.4726215563702154 0.98174770424681035 1.1780972450961724 2.1598449493429825 2.2580197197676637 5 1.1378837956584162
1.4726215563702154 1.5707963267948966 0.98174770424681035 1.1780972450961724 1.9634954084936207 2.1598449493429825 12 0.765366864720328
1.3744467859455345 1.4726215563702154 1.0799224746714913 1.1780972450961724 1.9634954084936207 2.1598449493429825 5 1.2877005094593064
1.3744467859455345 1.4726215563702154 0.98174770424681035 1.0799224746714913 1.9634954084936207 2.1598449493429825 1 0.5832575212819292
1.3744467859455345 1.5707963267948966 0.78539816339744828 0.98174770424681035 2.2580197197676637 2.3561944901923448 8 0.70710678117683989
1.4726215563702154 1.5707963267948966 0.78539816339744828 0.98174770424681035 2.1598449493429825 2.2580197197676637 8 1.4142135623636785
1.3744467859455345 1.4726215563702154 0.78539816339744828 0.98174770424681035 2.1598449493429825 2.2580197197676637 1 0.67278146252525428
1.3744467859455345 1.5707963267948966 0.78539816339744828 0.98174770424681035 1.9634954084936207 2.1598449493429825 1 0.55557023301010811
1.1780972450961724 1.3744467859455345 0.98174770424681035 1.1780972450961724 1.9634954084936207 2.3561944901923448 5 1.1292403361176051
1.1780972450961724 1.3744467859455345 0.78539816339744828 0.98174770424681035 1.9634954084936207 2.3561944901923448 1 0.79421432887558197
1.4726215563702154 1.5707963267948966 1.0799224746714913 1.1780972450961724 1.7671458676442586 1.9634954084936207 4 1.0823922002837794
1.4726215563702154 1.5707963267948966 0.98174770424681035 1.0799224746714913 1.7671458676442586 1.9634954084936207 1 0.56011004127721797
1.3744467859455345 1.4726215563702154 0.98174770424681035 1.1780972450961724 1.7671458676442586 1.9634954084936207 1 0.57871771301444908
1.3744467859455345 1.5707963267948966 0.98174770424681035 1.1780972450961724 1.5707963267948966 1.7671458676442586 1 0.57027654270422268
1.3744467859455345 1.5707963267948966 0.78539816339744828 0.98174770424681035 1.5707963267948966 1.9634954084936207 1 0.72845703366452796
1.1780972450961724 1.3744467859455345 0.78539816339744828 1.1780972450961724 1.5707963267948966 1.9634954084936207 1 0.77286407638761312
0.98174770424681035 1.1780972450961724 1.3744467859455345 1.5707963267948966 2.2580197197676637 2.3561944901923448 5 0.68046532127679926
1.0799224746714913 1.1780972450961724 1.3744467859455345 1.5707963267948966 2.1598449493429825 2.2580197197676637 5 1.0736962463016335
0.98174770424681035 1.0799224746714913 1.4726215563702154 1.5707963267948966 2.1598449493429825 2.2580197197676637 12 1.796896994728995
0.98174770424681035 1.0799224746714913 1.3744467859455345 1.4726215563702154 2.1598449493429825 2.2580197197676637 1 0.50443447013794429
1.0799224746714913 1.1780972450961724 1.4726215563702154 1.5707963267948966 1.9634954084936207 2.1598449493429825 12 0.765366864720328
1.0799224746714913 1.1780972450961724 1.3744467859455345 1.4726215563702154 1.9634954084936207 2.1598449493429825 5 1.2877005094593064
0.98174770424681035 1.0799224746714913 1.3744467859455345 1.5707963267948966 1.9634954084936207 2.1598449493429825 6 0.5548658462026469
0.98174770424681035 1.1780972450961724 1.1780972450961724 1.3744467859455345 1.9634954084936207 2.3561944901923448 5 1.1292403361176051
0.78539816339744828 0.98174770424681035 1.3744467859455345 1.5707963267948966 2.2580197197676637 2.3561944901923448 8 0.70710678117683989
0.88357293382212931 0.98174770424681035 1.4726215563702154 1.5707963267948966 2.1598449493429825 2.2580197197676637 8 1.4142135623636785
0.88357293382212931 0.98174770424681035 1.3744467859455345 1.4726215563702154 2.1598449493429825 2.2580197197676637 1 0.67278146252525428
0.78539816339744828 0.88357293382212931 1.3744467859455345 1.5707963267948966 2.1598449493429825 2.2580197197676637 1 0.63439328415432661
0.78539816339744828 0.98174770424681035 1.3744467859455345 1.5707963267948966 1.9634954084936207 2.1598449493429825 1 0.55557023301010811
0.78539816339744828 0.98174770424681035 1.1780972450961724 1.3744467859455345 1.9634954084936207 2.3561944901923448 1 0.79421432887558197
1.0799224746714913 1.1780972450961724 1.3744467859455345 1.5707963267948966 1.7671458676442586 1.9634954084936207 4 0.64884669763365221
0.98174770424681035 1.0799224746714913 1.3744467859455345 1.5707963267948966 1.7671458676442586 1.9634954084936207 1 0.56011004127721797
0.98174770424681035 1.1780972450961724 1.3744467859455345 1.5707963267948966 1.5707963267948966 1.7671458676442586 1 0.57027654270422268
0.98174770424681035 1.1780972450961724 1.1780972450961724 1.3744467859455345 1.5707963267948966 1.9634954084936207 1 0.77286407638761312
0.78539816339744828 0.98174770424681035 1.1780972450961724 1.5707963267948966 1.5707963267948966 1.9634954084936207 1 0.72845703366452796
0.78539816339744828 1.1780972450961724 0.78539816339744828 1.1780972450961724 1.5707963267948966 2.3561944901923448 1 0.82362694826440885
1.3744467859455345 1.5707963267948966 1.1780972450961724 1.5707963267948966 1.1780972450961724 1.5707963267948966 4 1.4142135623636798
1.1780972450961724 1.3744467859455345 1.1780972450961724 1.5707963267948966 1.1780972450961724 1.5707963267948966 5 1.6629392245959806
1.3744467859455345 1.5707963267948966 1.3744467859455345 1.5707963267948966 0.78539816339744828 1.1780972450961724 4 1.828427124738361
1.3744467859455345 1.5707963267948966 1.1780972450961724 1.3744467859455345 0.78539816339744828 1.1780972450961724 1 0.77286407638746069
1.1780972450961724 1.3744467859455345 1.1780972450961724 1.5707963267948966 0.78539816339744828 1.1780972450961724 1 0.77286407638746069
1.1780972450961724 1.5707963267948966 0.78539816339744828 1.1780972450961724 0.78539816339744828 1.5707963267948966 1 0.76536686472033166
0.78539816339744828 1.1780972450961724 0.78539816339744828 1.5707963267948966 0.78539816339744828 1.5707963267948966 1 0.76536686472033166
0.78539816339744828 1.5707963267948966 0.78539816339744828 1.5707963267948966 0 0.78539816339744828 1 0.70710678117684034
1.3744467859455345 1.5707963267948966 0.58904862254808621 0.78539816339744828 3.043417883165112 3.1415926535897931 8 0.70710678117683878
1.4726215563702154 1.5707963267948966 0.58904862254808621 0.78539816339744828 2.9452431127404308 3.043417883165112 4 0.5548658462026469
1.3744467859455345 1.4726215563702154 0.58904862254808621 0.78539816339744828 2.9452431127404308 3.043417883165112 1 0.61506311635151711
1.3744467859455345 1.5707963267948966 0.58904862254808621 0.78539816339744828 2.748893571891069 2.9452431127404308 9 1.3062307880456929
1.3744467859455345 1.5707963267948966 0.39269908169872414 0.58904862254808621 2.748893571891069 3.1415926535897931 1 0.66293922459697918
1.1780972450961724 1.3744467859455345 0.39269908169872414 0.78539816339744828 2.748893571891069 3.1415926535897931 1 0.80439420639697579
1.3744467859455345 1.5707963267948966 0.58904862254808621 0.78539816339744828 2.5525440310417071 2.748893571891069 9 0.55557023301010877
1.3744467859455345 1.5707963267948966 0.58904862254808621 0.78539816339744828 2.3561944901923448 2.5525440310417071 1 0.58274395006157997
1.3744467859455345 1.5707963267948966 0.39269908169872414 0.58904862254808621 2.3561944901923448 2.748893571891069 1 0.73905969208530986
1.1780972450961724 1.3744467859455345 0.39269908169872414 0.78539816339744828 2.3561944901923448 2.748893571891069 1 0.88051467388530646
1.1780972450961724 1.5707963267948966 0 0.39269908169872414 2.3561944901923448 3.1415926535897931 1 0.84775906501480791
0.78539816339744828 1.1780972450961724 0 0.78539816339744828 2.3561944901923448 3.1415926535897931 1 1.1795804270950128
0.78539816339744828 1.5707963267948966 0 0.78539816339744828 1.5707963267948966 2.3561944901923448 1 0.7071067811774262
0.78539816339744828 1.5707963267948966 0 0.78539816339744828 0.78539816339744828 1.5707963267948966 1 1.4142135623636809
0.78539816339744828 1.5707963267948966 0 0.78539816339744828 0 0.78539816339744828 1 2.1213203435505212
0.39269908169872414 0.78539816339744828 2.748893571891069 3.1415926535897931 2.3561944901923448 3.1415926535897931 2 1.4142135623636802
0.39269908169872414 0.78539816339744828 2.3561944901923448 2.748893571891069 2.748893571891069 3.1415926535897931 2 0.70710678117683967
0.58904862254808621 0.78539816339744828 2.5525440310417071 2.748893571891069 2.3561944901923448 2.748893571891069 2 0.76536686472033177
0.58904862254808621 0.78539816339744828 2.454369260617026 2.5525440310417071 2.5525440310417071 2.748893571891069 2 0.7728640763874608
0.68722339297276724 0.78539816339744828 2.3561944901923448 2.454369260617026 2.5525440310417071 2.748893571891069 8 1.8284271247383632
0.58904862254808621 0.68722339297276724 2.3561944901923448 2.454369260617026 2.5525440310417071 2.748893571891069 2 0.77286407638746035
0.58904862254808621 0.78539816339744828 2.454369260617026 2.5525440310417071 2.3561944901923448 2.5525440310417071 5 0.6209874526446767
0.58904862254808621 0.78539816339744828 2.3561944901923448 2.454369260617026 2.3561944901923448 2.5525440310417071 8 1.4142135623636831
0.39269908169872414 0.58904862254808621 2.3561944901923448 2.748893571891069 2.3561944901923448 2.748893571891069 2 0.76536686472033089
0 0.39269908169872414 2.3561944901923448 3.1415926535897931 2.3561944901923448 3.1415926535897931 2 1.4142135623636802
0.39269908169872414 0.78539816339744828 2.748893571891069 3.1415926535897931 1.9634954084936207 2.3561944901923448 2 0.70710678117742565
0.58904862254808621 0.78539816339744828 2.9452431127404308 3.1415926535897931 1.5707963267948966 1.9634954084936207 2 0.84775906501480747
0.58904862254808621 0.78539816339744828 2.748893571891069 2.9452431127404308 1.5707963267948966 1.9634954084936207 9 0.50132111006284297
0.39269908169872414 0.58904862254808621 2.748893571891069 3.1415926535897931 1.5707963267948966 1.9634954084936207 2 1.1795804270950123
0.58904862254808621 0.78539816339744828 2.5525440310417071 2.748893571891069 2.2580197197676637 2.3561944901923448 2 0.57027654270422257
0.68722339297276724 0.78539816339744828 2.6507188014663878 2.748893571891069 2.1598449493429825 2.2580197197676637 2 0.72845703366452619
0.73631077818510771 0.78539816339744828 2.5525440310417071 2.6507188014663878 2.2089323345553229 2.2580197197676637 7 0.9662506528913033
0.68722339297276724 0.73631077818510771 2.5525440310417071 2.6507188014663878 2.2089323345553229 2.2580197197676637 2 0.67111646812504278
0.68722339297276724 0.78539816339744828 2.5525440310417071 2.6507188014663878 2.1598449493429825 2.2089323345553229 9 0.81717584051818626
0.58904862254808621 0.68722339297276724 2.5525440310417071 2.748893571891069 2.1598449493429825 2.2580197197676637 2 0.77286407638761268
0.68722339297276724 0.78539816339744828 2.5525440310417071 2.748893571891069 1.9634954084936207 2.1598449493429825 9 0.68575652868998282
0.58904862254808621 0.68722339297276724 2.6507188014663878 2.748893571891069 1.9634954084936207 2.1598449493429825 2 0.79421432887558074
0.58904862254808621 0.68722339297276724 2.5525440310417071 2.6507188014663878 1.9634954084936207 2.1598449493429825 10 1.1292403361176149
0.58904862254808621 0.78539816339744828 2.454369260617026 2.5525440310417071 2.1598449493429825 2.3561944901923448 10 0.66293922459698296
0.58904862254808621 0.78539816339744828 2.3561944901923448 2.454369260617026 2.1598449493429825 2.3561944901923448 8 1.4142135623636816
0.58904862254808621 0.78539816339744828 2.454369260617026 2.5525440310417071 1.9634954084936207 2.1598449493429825 10 0.73905969208531541
0.68722339297276724 0.78539816339744828 2.3561944901923448 2.454369260617026 1.9634954084936207 2.1598449493429825 8 1.8284271247383632
0.58904862254808621 0.68722339297276724 2.3561944901923448 2.454369260617026 1.9634954084936207 2.1598449493429825 3 0.92387953250237664
0.39269908169872414 0.58904862254808621 2.5525440310417071 2.748893571891069 1.9634954084936207 2.3561944901923448 2 0.82362694826440896
0.39269908169872414 0.58904862254808621 2.3561944901923448 2.5525440310417071 1.9634954084936207 2.3561944901923448 3 0.7071067811769165
0.68722339297276724 0.78539816339744828 2.5525440310417071 2.748893571891069 1.7671458676442586 1.9634954084936207 7 1.6898581790538452
0.58904862254808621 0.68722339297276724 2.5525440310417071 2.748893571891069 1.7671458676442586 1.9634954084936207 10 0.63140909458864314
0.68722339297276724 0.78539816339744828 2.5525440310417071 2.748893571891069 1.5707963267948966 1.7671458676442586 7 1.3071747466886778
0.58904862254808621 0.68722339297276724 2.5525440310417071 2.748893571891069 1.6689710972195777 1.7671458676442586 7 0.63439328415455443
0.58904862254808621 0.68722339297276724 2.6507188014663878 2.748893571891069 1.5707963267948966 1.6689710972195777 2 0.50132111006283542
0.58904862254808621 0.68722339297276724 2.5525440310417071 2.6507188014663878 1.5707963267948966 1.6689710972195777 10 1.0531198686292824
0.58904862254808621 0.78539816339744828 2.454369260617026 2.5525440310417071 1.7671458676442586 1.9634954084936207 10 2.0456226569611502
0.68722339297276724 0.78539816339744828 2.3561944901923448 2.454369260617026 1.7671458676442586 1.9634954084936207 8 1.8284271247383632
0.58904862254808621 0.68722339297276724 2.3561944901923448 2.454369260617026 1.7671458676442586 1.9634954084936207 3 0.55557023301024311
0.58904862254808621 0.78539816339744828 2.454369260617026 2.5525440310417071 1.5707963267948966 1.7671458676442586 10 0.66293922459698296
0.58904862254808621 0.78539816339744828 2.3561944901923448 2.454369260617026 1.5707963267948966 1.7671458676442586 8 1.4142135623636829
0.39269908169872414 0.58904862254808621 2.5525440310417071 2.748893571891069 1.5707963267948966 1.9634954084936207 2 0.53073372945166364
0.39269908169872414 0.58904862254808621 2.3561944901923448 2.5525440310417071 1.7671458676442586 1.9634954084936207 3 0.5555702330098462
0.49087385212340517 0.58904862254808621 2.454369260617026 2.5525440310417071 1.5707963267948966 1.7671458676442586 10 1.0531198686292771
0.39269908169872414 0.49087385212340517 2.454369260617026 2.5525440310417071 1.5707963267948966 1.7671458676442586 2 0.50132111006283653
0.39269908169872414 0.58904862254808621 2.3561944901923448 2.454369260617026 1.5707963267948966 1.7671458676442586 3 0.55261282961001357
0 0.39269908169872414 2.748893571891069 3.1415926535897931 1.5707963267948966 2.3561944901923448 2 1.8284271247383614
0 0.39269908169872414 2.3561944901923448 2.748893571891069 1.9634954084936207 2.3561944901923448 2 0.70710678117742565
0.19634954084936207 0.39269908169872414 2.5525440310417071 2.748893571891069 1.5707963267948966 1.9634954084936207 2 1.1795804270950132
0.19634954084936207 0.39269908169872414 2.3561944901923448 2.5525440310417071 1.5707963267948966 1.9634954084936207 3 1.1555475087526257
0 0.19634954084936207 2.3561944901923448 2.748893571891069 1.5707963267948966 1.9634954084936207 2 0.84775906501480747
0.58904862254808621 0.78539816339744828 2.9452431127404308 3.1415926535897931 1.1780972450961724 1.5707963267948966 2 0.84775906501480747
0.58904862254808621 0.78539816339744828 2.748893571891069 2.9452431127404308 1.1780972450961724 1.5707963267948966 9 1.1186376776968285
0.39269908169872414 0.58904862254808621 2.748893571891069 3.1415926535897931 1.1780972450961724 1.5707963267948966 2 1.1795804270950123
0.39269908169872414 0.78539816339744828 2.748893571891069 3.1415926535897931 0.78539816339744828 1.1780972450961724 2 0.70710678117742576
0.68722339297276724 0.78539816339744828 2.5525440310417071 2.748893571891069 1.4726215563702154 1.5707963267948966 7 0.67278146252525861
0.68722339297276724 0.78539816339744828 2.5525440310417071 2.748893571891069 1.3744467859455345 1.4726215563702154 9 1.0760835496879189
0.58904862254808621 0.68722339297276724 2.6507188014663878 2.748893571891069 1.4726215563702154 1.5707963267948966 2 0.50132111006283542
0.58904862254808621 0.68722339297276724 2.5525440310417071 2.6507188014663878 1.4726215563702154 1.5707963267948966 10 1.0531198686292824
0.58904862254808621 0.68722339297276724 2.5525440310417071 2.748893571891069 1.3744467859455345 1.4726215563702154 9 0.77301045335377816
0.68722339297276724 0.78539816339744828 2.5525440310417071 2.748893571891069 1.2762720155208536 1.3744467859455345 9 0.77446983315093099
0.68722339297276724 0.78539816339744828 2.6507188014663878 2.748893571891069 1.1780972450961724 1.2762720155208536 7 1.1618720813251135
0.68722339297276724 0.78539816339744828 2.5525440310417071 2.6507188014663878 1.1780972450961724 1.2762720155208536 5 0.55601976776511175
0.58904862254808621 0.68722339297276724 2.5525440310417071 2.748893571891069 1.1780972450961724 1.3744467859455345 10 0.63140909458864258
0.58904862254808621 0.78539816339744828 2.454369260617026 2.5525440310417071 1.3744467859455345 1.5707963267948966 10 0.66293922459698296
0.58904862254808621 0.78539816339744828 2.3561944901923448 2.454369260617026 1.3744467859455345 1.5707963267948966 8 1.4142135623636818
0.58904862254808621 0.78539816339744828 2.454369260617026 2.5525440310417071 1.1780972450961724 1.3744467859455345 5 0.74535028376082724
0.68722339297276724 0.78539816339744828 2.3561944901923448 2.454369260617026 1.1780972450961724 1.3744467859455345 8 1.8284271247383632
0.58904862254808621 0.68722339297276724 2.3561944901923448 2.454369260617026 1.1780972450961724 1.3744467859455345 10 2.0456226569611449
0.39269908169872414 0.58904862254808621 2.5525440310417071 2.748893571891069 1.1780972450961724 1.5707963267948966 2 0.53073372945166364
0.49087385212340517 0.58904862254808621 2.454369260617026 2.5525440310417071 1.3744467859455345 1.5707963267948966 10 1.0531198686292771
0.39269908169872414 0.49087385212340517 2.454369260617026 2.5525440310417071 1.3744467859455345 1.5707963267948966 2 0.50132111006283653
0.49087385212340517 0.58904862254808621 2.3561944901923448 2.454369260617026 1.4726215563702154 1.5707963267948966 8 0.70710678117801284
0.49087385212340517 0.58904862254808621 2.4052818754046852 2.454369260617026 1.3744467859455345 1.4726215563702154 10 0.77740388465509491
0.49087385212340517 0.58904862254808621 2.3561944901923448 2.4052818754046852 1.3744467859455345 1.4726215563702154 11 0.75474692812534339
0.39269908169872414 0.49087385212340517 2.3561944901923448 2.454369260617026 1.3744467859455345 1.5707963267948966 3 0.58325752128192943
0.39269908169872414 0.58904862254808621 2.454369260617026 2.5525440310417071 1.1780972450961724 1.3744467859455345 5 0.78377972295397647
0.49087385212340517 0.58904862254808621 2.3561944901923448 2.454369260617026 1.1780972450961724 1.3744467859455345 10 0.77286407638745958
0.39269908169872414 0.49087385212340517 2.3561944901923448 2.454369260617026 1.1780972450961724 1.3744467859455345 5 0.69966226794192599
0.68722339297276724 0.78539816339744828 2.5525440310417071 2.748893571891069 0.98174770424681035 1.1780972450961724 7 0.9244913143236646
0.58904862254808621 0.68722339297276724 2.6507188014663878 2.748893571891069 1.0799224746714913 1.1780972450961724 2 0.79421432887558086
0.58904862254808621 0.68722339297276724 2.5525440310417071 2.6507188014663878 1.0799224746714913 1.1780972450961724 10 1.8580295466121719
0.58904862254808621 0.68722339297276724 2.5525440310417071 2.748893571891069 0.98174770424681035 1.0799224746714913 2 0.59997727573319348
0.58904862254808621 0.78539816339744828 2.5525440310417071 2.748893571891069 0.78539816339744828 0.98174770424681035 7 0.70710678117752168
0.58904862254808621 0.78539816339744828 2.454369260617026 2.5525440310417071 0.98174770424681035 1.1780972450961724 10 0.73905969208531364
0.68722339297276724 0.78539816339744828 2.3561944901923448 2.454369260617026 0.98174770424681035 1.1780972450961724 8 1.8284271247383632
0.58904862254808621 0.68722339297276724 2.3561944901923448 2.454369260617026 0.98174770424681035 1.1780972450961724 10 0.73905969208530853
0.58904862254808621 0.78539816339744828 2.454369260617026 2.5525440310417071 0.78539816339744828 0.98174770424681035 10 0.66293922459698296
0.58904862254808621 0.78539816339744828 2.3561944901923448 2.454369260617026 0.78539816339744828 0.98174770424681035 8 1.4142135623636827
0.39269908169872414 0.58904862254808621 2.5525440310417071 2.748893571891069 0.78539816339744828 1.1780972450961724 2 0.82362694826440908
0.49087385212340517 0.58904862254808621 2.454369260617026 2.5525440310417071 0.98174770424681035 1.1780972450961724 10 1.1292403361176078
0.39269908169872414 0.49087385212340517 2.454369260617026 2.5525440310417071 0.98174770424681035 1.1780972450961724 2 0.79421432887558197
0.49087385212340517 0.58904862254808621 2.3561944901923448 2.454369260617026 1.0799224746714913 1.1780972450961724 11 1.4612276671720117
0.49087385212340517 0.58904862254808621 2.3561944901923448 2.454369260617026 0.98174770424681035 1.0799224746714913 1 0.58831505469735257
0.39269908169872414 0.49087385212340517 2.3561944901923448 2.454369260617026 0.98174770424681035 1.1780972450961724 1 0.60050505432819046
0.39269908169872414 0.58904862254808621 2.3561944901923448 2.5525440310417071 0.78539816339744828 0.98174770424681035 1 0.55557023301154851
0 0.39269908169872414 2.748893571891069 3.1415926535897931 0.78539816339744828 1.5707963267948966 2 1.8284271247383614
0.19634954084936207 0.39269908169872414 2.5525440310417071 2.748893571891069 1.1780972450961724 1.5707963267948966 2 1.1795804270950132
0.19634954084936207 0.39269908169872414 2.3561944901923448 2.5525440310417071 1.1780972450961724 1.5707963267948966 5 0.64884669763365177
0 0.19634954084936207 2.3561944901923448 2.748893571891069 1.1780972450961724 1.5707963267948966 2 0.84775906501480747
0 0.39269908169872414 2.3561944901923448 2.748893571891069 0.78539816339744828 1.1780972450961724 2 0.70710678117742576
0.39269908169872414 0.78539816339744828 2.748893571891069 3.1415926535897931 0 0.78539816339744828 2 1.4142135623636805
0.58904862254808621 0.78539816339744828 2.5525440310417071 2.748893571891069 0.39269908169872414 0.78539816339744828 2 0.765366864720332
0.58904862254808621 0.78539816339744828 2.454369260617026 2.5525440310417071 0.58904862254808621 0.78539816339744828 10 1.6629392245959833
0.58904862254808621 0.78539816339744828 2.3561944901923448 2.454369260617026 0.58904862254808621 0.78539816339744828 1 0.57529943682577878
0.58904862254808621 0.78539816339744828 2.3561944901923448 2.5525440310417071 0.39269908169872414 0.58904862254808621 1 0.58274395006246893
0.39269908169872414 0.58904862254808621 2.3561944901923448 2.748893571891069 0.39269908169872414 0.78539816339744828 1 0.52228694076148108
0.39269908169872414 0.78539816339744828 2.3561944901923448 2.748893571891069 0 0.39269908169872414 2 0.70710678117683989
0 0.39269908169872414 2.3561944901923448 3.1415926535897931 0 0.78539816339744828 1 0.55486584620264845
0.58904862254808621 0.78539816339744828 2.2580197197676637 2.3561944901923448 2.9452431127404308 3.1415926535897931 2 0.53369888846968472
0.58904862254808621 0.78539816339744828 2.1598449493429825 2.2580197197676637 3.043417883165112 3.1415926535897931 8 0.70710678117683834
0.58904862254808621 0.78539816339744828 2.1598449493429825 2.2580197197676637 2.9452431127404308 3.043417883165112 9 0.67278146252526339
0.68722339297276724 0.78539816339744828 2.2580197197676637 2.3561944901923448 2.748893571891069 2.9452431127404308 8 1.8284271247383614
0.58904862254808621 0.68722339297276724 2.2580197197676637 2.3561944901923448 2.748893571891069 2.9452431127404308 2 0.70710678117691605
0.58904862254808621 0.78539816339744828 2.1598449493429825 2.2580197197676637 2.748893571891069 2.9452431127404308 9 1.5022650687048307
0.58904862254808621 0.78539816339744828 1.9634954084936207 2.1598449493429825 2.748893571891069 3.1415926535897931 9 0.87650733076087506
0.39269908169872414 0.58904862254808621 2.1598449493429825 2.3561944901923448 2.748893571891069 3.1415926535897931 2 0.70710678117714343
0.49087385212340517 0.58904862254808621 1.9634954084936207 2.1598449493429825 3.043417883165112 3.1415926535897931 12 1.7968969947288393
0.39269908169872414 0.49087385212340517 1.9634954084936207 2.1598449493429825 3.043417883165112 3.1415926535897931 2 0.67771218406106748
0.39269908169872414 0.58904862254808621 1.9634954084936207 2.1598449493429825 2.9452431127404308 3.043417883165112 3 0.50063808525009079
0.39269908169872414 0.58904862254808621 1.9634954084936207 2.1598449493429825 2.748893571891069 2.9452431127404308 3 0.62610880867948981
0.68722339297276724 0.78539816339744828 2.2580197197676637 2.3561944901923448 2.5525440310417071 2.748893571891069 8 1.8284271247383614
0.58904862254808621 0.68722339297276724 2.2580197197676637 2.3561944901923448 2.5525440310417071 2.748893571891069 11 0.99478291687369458
0.58904862254808621 0.78539816339744828 2.1598449493429825 2.2580197197676637 2.5525440310417071 2.748893571891069 9 0.75160451366924652
0.58904862254808621 0.78539816339744828 2.2580197197676637 2.3561944901923448 2.3561944901923448 2.5525440310417071 8 1.4142135623636811
0.58904862254808621 0.78539816339744828 2.1598449493429825 2.2580197197676637 2.3561944901923448 2.5525440310417071 3 0.54471928833140504
0.58904862254808621 0.78539816339744828 1.9634954084936207 2.1598449493429825 2.3561944901923448 2.748893571891069 9 0.87650733076087506
0.39269908169872414 0.58904862254808621 1.9634954084936207 2.3561944901923448 2.3561944901923448 2.748893571891069 3 0.64134948596644925
0.58904862254808621 0.78539816339744828 1.7671458676442586 1.9634954084936207 3.043417883165112 3.1415926535897931 10 1.320937097740106
0.68722339297276724 0.78539816339744828 1.8653206380689396 1.9634954084936207 2.9452431127404308 3.043417883165112 10 1.0315301299986701
0.68722339297276724 0.78539816339744828 1.7671458676442586 1.8653206380689396 2.9452431127404308 3.043417883165112 7 1.1868663559845301
0.58904862254808621 0.68722339297276724 1.7671458676442586 1.9634954084936207 2.9452431127404308 3.043417883165112 10 2.0456226569613012
0.68722339297276724 0.78539816339744828 1.7671458676442586 1.9634954084936207 2.748893571891069 2.9452431127404308 7 0.76631082336335887
0.58904862254808621 0.68722339297276724 1.7671458676442586 1.9634954084936207 2.748893571891069 2.9452431127404308 10 1.4283060893273145
0.58904862254808621 0.78539816339744828 1.5707963267948966 1.7671458676442586 3.043417883165112 3.1415926535897931 8 0.70710678117684078
0.68722339297276724 0.78539816339744828 1.5707963267948966 1.7671458676442586 2.9452431127404308 3.043417883165112 8 1.4142135623636805
0.58904862254808621 0.68722339297276724 1.6689710972195777 1.7671458676442586 2.9452431127404308 3.043417883165112 11 1.7721118422791144
0.58904862254808621 0.68722339297276724 1.5707963267948966 1.6689710972195777 2.9452431127404308 3.043417883165112 4 0.70710678117930847
0.68722339297276724 0.78539816339744828 1.6689710972195777 1.7671458676442586 2.748893571891069 2.9452431127404308 7 1.2697305269607715
0.68722339297276724 0.78539816339744828 1.5707963267948966 1.6689710972195777 2.748893571891069 2.9452431127404308 8 1.8284271247383606
0.58904862254808621 0.68722339297276724 1.5707963267948966 1.7671458676442586 2.748893571891069 2.9452431127404308 11 0.96325278686417637
0.49087385212340517 0.58904862254808621 1.7671458676442586 1.9634954084936207 3.043417883165112 3.1415926535897931 10 1.7111177417724004
0.39269908169872414 0.49087385212340517 1.8653206380689396 1.9634954084936207 3.043417883165112 3.1415926535897931 3 0.74205518737633525
0.39269908169872414 0.49087385212340517 1.7671458676442586 1.8653206380689396 3.043417883165112 3.1415926535897931 4 0.92387953250220944
0.49087385212340517 0.58904862254808621 1.7671458676442586 1.9634954084936207 2.9452431127404308 3.043417883165112 10 0.77286407638761589
0.39269908169872414 0.49087385212340517 1.8653206380689396 1.9634954084936207 2.9452431127404308 3.043417883165112 3 0.78511485164383654
0.39269908169872414 0.49087385212340517 1.7671458676442586 1.8653206380689396 2.9452431127404308 3.043417883165112 4 0.70710678117714509
0.49087385212340517 0.58904862254808621 1.8653206380689396 1.9634954084936207 2.748893571891069 2.9452431127404308 10 0.80439420639697778
0.49087385212340517 0.58904862254808621 1.7671458676442586 1.8653206380689396 2.748893571891069 2.9452431127404308 11 1.4554357200238095
0.39269908169872414 0.49087385212340517 1.8653206380689396 1.9634954084936207 2.748893571891069 2.9452431127404308 3 0.91058557507323556
0.44178646691106466 0.49087385212340517 1.7671458676442586 1.8653206380689396 2.8470683423157501 2.9452431127404308 11 0.65299690126141596
0.39269908169872414 0.44178646691106466 1.7671458676442586 1.8653206380689396 2.8470683423157501 2.9452431127404308 3 0.76563121353402852
0.39269908169872414 0.49087385212340517 1.7671458676442586 1.8653206380689396 2.748893571891069 2.8470683423157501 3 0.67278146252525373
0.39269908169872414 0.58904862254808621 1.5707963267948966 1.7671458676442586 2.9452431127404308 3.1415926535897931 4 0.70710678117801129
0.49087385212340517 0.58904862254808621 1.5707963267948966 1.7671458676442586 2.748893571891069 2.9452431127404308 11 1.6514700006829104
0.39269908169872414 0.49087385212340517 1.5707963267948966 1.7671458676442586 2.748893571891069 2.9452431127404308 4 0.64884669763365344
0.68722339297276724 0.78539816339744828 1.7671458676442586 1.9634954084936207 2.5525440310417071 2.748893571891069 7 1.5169713783992376
0.58904862254808621 0.68722339297276724 1.7671458676442586 1.9634954084936207 2.5525440310417071 2.748893571891069 10 1.7211993081400627
0.58904862254808621 0.78539816339744828 1.7671458676442586 1.9634954084936207 2.3561944901923448 2.5525440310417071 10 0.76536686472033399
0.68722339297276724 0.78539816339744828 1.5707963267948966 1.7671458676442586 2.5525440310417071 2.748893571891069 7 0.75160451366890302
0.58904862254808621 0.68722339297276724 1.6689710972195777 1.7671458676442586 2.5525440310417071 2.748893571891069 7 0.71321633529865303
0.58904862254808621 0.68722339297276724 1.6198837120072371 1.6689710972195777 2.6507188014663878 2.748893571891069 11 0.97438155872232357
0.58904862254808621 0.68722339297276724 1.5707963267948966 1.6198837120072371 2.6507188014663878 2.748893571891069 1 0.52400602555070197
0.58904862254808621 0.68722339297276724 1.5707963267948966 1.6689710972195777 2.5525440310417071 2.6507188014663878 8 0.70710678117742753
0.68722339297276724 0.78539816339744828 1.5707963267948966 1.7671458676442586 2.454369260617026 2.5525440310417071 8 1.4142135623636822
0.58904862254808621 0.68722339297276724 1.6689710972195777 1.7671458676442586 2.454369260617026 2.5525440310417071 10 1.3832683708601059
0.58904862254808621 0.68722339297276724 1.5707963267948966 1.6689710972195777 2.454369260617026 2.5525440310417071 1 0.51851701375499248
0.58904862254808621 0.78539816339744828 1.5707963267948966 1.7671458676442586 2.3561944901923448 2.454369260617026 8 0.70710678117684189
0.49087385212340517 0.58904862254808621 1.8653206380689396 1.9634954084936207 2.5525440310417071 2.748893571891069 3 0.77315683031897242
0.49087385212340517 0.58904862254808621 1.7671458676442586 1.8653206380689396 2.6507188014663878 2.748893571891069 7 0.77384138973667638
0.49087385212340517 0.58904862254808621 1.7671458676442586 1.8653206380689396 2.5525440310417071 2.6507188014663878 3 0.62294268166776723
0.39269908169872414 0.49087385212340517 1.7671458676442586 1.9634954084936207 2.5525440310417071 2.748893571891069 3 0.92449131432365772
0.39269908169872414 0.58904862254808621 1.7671458676442586 1.9634954084936207 2.3561944901923448 2.5525440310417071 3 0.91605014401346951
0.49087385212340517 0.58904862254808621 1.6689710972195777 1.7671458676442586 2.5525440310417071 2.748893571891069 11 1.9317257929247251
0.49087385212340517 0.58904862254808621 1.5707963267948966 1.6689710972195777 2.5525440310417071 2.748893571891069 1 0.54302541142619809
0.39269908169872414 0.49087385212340517 1.6689710972195777 1.7671458676442586 2.6998061866787282 2.748893571891069 11 0.75084188541059826
0.39269908169872414 0.49087385212340517 1.6689710972195777 1.7671458676442586 2.6507188014663878 2.6998061866787282 3 0.53362345525490984
0.39269908169872414 0.49087385212340517 1.6689710972195777 1.7671458676442586 2.5525440310417071 2.6507188014663878 3 0.67858649482858746
0.39269908169872414 0.49087385212340517 1.5707963267948966 1.6689710972195777 2.5525440310417071 2.748893571891069 1 0.64392871551798603
0.49087385212340517 0.58904862254808621 1.6689710972195777 1.7671458676442586 2.454369260617026 2.5525440310417071 11 1.9509405125212993
0.49087385212340517 0.58904862254808621 1.5707963267948966 1.6689710972195777 2.454369260617026 2.5525440310417071 1 0.63543533163476662
0.39269908169872414 0.49087385212340517 1.5707963267948966 1.7671458676442586 2.454369260617026 2.5525440310417071 1 0.54219227235344836
0.49087385212340517 0.58904862254808621 1.5707963267948966 1.7671458676442586 2.3561944901923448 2.454369260617026 11 0.9785018910633263
0.39269908169872414 0.49087385212340517 1.5707963267948966 1.7671458676442586 2.3561944901923448 2.454369260617026 1 0.60065143129317788
0 0.39269908169872414 1.9634954084936207 2.3561944901923448 2.3561944901923448 3.1415926535897931 3 1.1795804270950128
0.19634954084936207 0.39269908169872414 1.7671458676442586 1.9634954084936207 2.748893571891069 3.1415926535897931 3 0.87650733076087217
0.19634954084936207 0.39269908169872414 1.5707963267948966 1.7671458676442586 2.748893571891069 3.1415926535897931 4 1.4142135623636805
0 0.19634954084936207 1.5707963267948966 1.9634954084936207 2.748893571891069 3.1415926535897931 2 0.55486584620264823
0.19634954084936207 0.39269908169872414 1.7671458676442586 1.9634954084936207 2.3561944901923448 2.748893571891069 3 1.4938238983948584
0.19634954084936207 0.39269908169872414 1.5707963267948966 1.7671458676442586 2.3561944901923448 2.748893571891069 1 0.53369888847092062
0 0.19634954084936207 1.5707963267948966 1.9634954084936207 2.3561944901923448 2.748893571891069 3 1.280255792230965
0.39269908169872414 0.78539816339744828 1.9634954084936207 2.3561944901923448 1.9634954084936207 2.3561944901923448 3 0.70710678117801251
0.58904862254808621 0.78539816339744828 2.1598449493429825 2.3561944901923448 1.7671458676442586 1.9634954084936207 3 0.55557023301094222
0.58904862254808621 0.78539816339744828 2.2580197197676637 2.3561944901923448 1.5707963267948966 1.7671458676442586 8 1.4142135623636809
0.68722339297276724 0.78539816339744828 2.1598449493429825 2.2580197197676637 1.5707963267948966 1.7671458676442586 8 1.4142135623636796
0.58904862254808621 0.68722339297276724 2.1598449493429825 2.2580197197676637 1.5707963267948966 1.7671458676442586 3 0.82104905503600778
0.58904862254808621 0.78539816339744828 1.9634954084936207 2.1598449493429825 1.5707963267948966 1.9634954084936207 9 0.87650733076087506
0.39269908169872414 0.58904862254808621 1.9634954084936207 2.3561944901923448 1.5707963267948966 1.9634954084936207 3 1.0240329183314629
0.68722339297276724 0.78539816339744828 1.8653206380689396 1.9634954084936207 2.2580197197676637 2.3561944901923448 3 0.83891412553053568
0.68722339297276724 0.78539816339744828 1.7671458676442586 1.8653206380689396 2.2580197197676637 2.3561944901923448 7 0.96469208267560402
0.58904862254808621 0.68722339297276724 1.7671458676442586 1.9634954084936207 2.2580197197676637 2.3561944901923448 3 0.87545377356462195
0.58904862254808621 0.78539816339744828 1.7671458676442586 1.9634954084936207 2.1598449493429825 2.2580197197676637 3 0.57884816800591499
0.58904862254808621 0.78539816339744828 1.7671458676442586 1.9634954084936207 1.9634954084936207 2.1598449493429825 3 0.62080643616893516
0.58904862254808621 0.78539816339744828 1.5707963267948966 1.7671458676442586 2.2580197197676637 2.3561944901923448 8 0.70710678117684089
0.68722339297276724 0.78539816339744828 1.5707963267948966 1.7671458676442586 2.1598449493429825 2.2580197197676637 8 1.4142135623636807
0.58904862254808621 0.68722339297276724 1.5707963267948966 1.7671458676442586 2.1598449493429825 2.2580197197676637 1 0.52144697852056876
0.68722339297276724 0.78539816339744828 1.6689710972195777 1.7671458676442586 1.9634954084936207 2.1598449493429825 7 0.633351236674776
0.68722339297276724 0.78539816339744828 1.5707963267948966 1.6689710972195777 1.9634954084936207 2.1598449493429825 1 0.66260904868513559
0.58904862254808621 0.68722339297276724 1.5707963267948966 1.7671458676442586 1.9634954084936207 2.1598449493429825 1 0.60027002966455367
0.39269908169872414 0.58904862254808621 1.7671458676442586 1.9634954084936207 1.9634954084936207 2.3561944901923448 3 1.4280666031841631
0.39269908169872414 0.58904862254808621 1.5707963267948966 1.7671458676442586 1.9634954084936207 2.3561944901923448 1 0.56565179937750665
0.58904862254808621 0.78539816339744828 1.7671458676442586 1.9634954084936207 1.7671458676442586 1.9634954084936207 10 1.1480502970855022
0.68722339297276724 0.78539816339744828 1.7671458676442586 1.9634954084936207 1.5707963267948966 1.7671458676442586 7 0.96140114537946264
0.58904862254808621 0.68722339297276724 1.7671458676442586 1.9634954084936207 1.5707963267948966 1.7671458676442586 1 0.58556371997006895
0.58904862254808621 0.78539816339744828 1.5707963267948966 1.7671458676442586 1.5707963267948966 1.9634954084936207 1 0.64134948596644925
0.39269908169872414 0.58904862254808621 1.5707963267948966 1.9634954084936207 1.5707963267948966 1.9634954084936207 1 0.51488892750093851
0 0.39269908169872414 1.5707963267948966 2.3561944901923448 1.5707963267948966 2.3561944901923448 3 0.76536686472033089
0.58904862254808621 0.78539816339744828 2.2580197197676637 2.3561944901923448 1.3744467859455345 1.5707963267948966 8 1.4142135623636798
0.58904862254808621 0.78539816339744828 2.1598449493429825 2.2580197197676637 1.3744467859455345 1.5707963267948966 9 1.3071747466886798
0.68722339297276724 0.78539816339744828 2.2580197197676637 2.3561944901923448 1.1780972450961724 1.3744467859455345 8 1.8284271247383614
0.58904862254808621 0.68722339297276724 2.2580197197676637 2.3561944901923448 1.1780972450961724 1.3744467859455345 11 1.1633133045705941
0.58904862254808621 0.78539816339744828 2.1598449493429825 2.2580197197676637 1.1780972450961724 1.3744467859455345 9 0.92449131432366483
0.58904862254808621 0.78539816339744828 1.9634954084936207 2.1598449493429825 1.1780972450961724 1.5707963267948966 9 1.4938238983948606
0.49087385212340517 0.58904862254808621 2.2580197197676637 2.3561944901923448 1.3744467859455345 1.5707963267948966 11 1.6830001306924283
0.39269908169872414 0.49087385212340517 2.2580197197676637 2.3561944901923448 1.3744467859455345 1.5707963267948966 3 1.0546776100033783
0.39269908169872414 0.58904862254808621 2.1598449493429825 2.2580197197676637 1.3744467859455345 1.5707963267948966 3 0.81809165163611552
0.49087385212340517 0.58904862254808621 2.2580197197676637 2.3561944901923448 1.1780972450961724 1.3744467859455345 11 1.8515305183893278
0.39269908169872414 0.49087385212340517 2.2580197197676637 2.3561944901923448 1.1780972450961724 1.3744467859455345 1 0.54471928833140548
0.39269908169872414 0.58904862254808621 2.1598449493429825 2.2580197197676637 1.1780972450961724 1.3744467859455345 1 0.58924297828529004
0.39269908169872414 0.58904862254808621 1.9634954084936207 2.1598449493429825 1.1780972450961724 1.5707963267948966 1 0.55179875855711236
0.68722339297276724 0.78539816339744828 2.2580197197676637 2.3561944901923448 0.98174770424681035 1.1780972450961724 8 1.8284271247383614
0.58904862254808621 0.68722339297276724 2.2580197197676637 2.3561944901923448 0.98174770424681035 1.1780972450961724 1 0.51449077670886179
0.58904862254808621 0.78539816339744828 2.1598449493429825 2.2580197197676637 0.98174770424681035 1.1780972450961724 1 0.52811042640201
0.58904862254808621 0.78539816339744828 2.1598449493429825 2.3561944901923448 0.78539816339744828 0.98174770424681035 1 0.55557023301094255
0.58904862254808621 0.78539816339744828 1.9634954084936207 2.1598449493429825 0.78539816339744828 1.1780972450961724 1 0.68575652868997983
0.39269908169872414 0.58904862254808621 1.9634954084936207 2.3561944901923448 0.78539816339744828 1.1780972450961724 1 0.63140909458863592
0.39269908169872414 0.78539816339744828 1.5707963267948966 1.9634954084936207 0.78539816339744828 1.5707963267948966 1 0.64884669763365366
0 0.39269908169872414 1.9634954084936207 2.3561944901923448 0.78539816339744828 1.5707963267948966 3 1.1795804270950128
0 0.39269908169872414 1.5707963267948966 1.9634954084936207 0.78539816339744828 1.5707963267948966 1 1.0823922002837809
0 0.78539816339744828 1.5707963267948966 2.3561944901923448 0 0.78539816339744828 1 0.70710678117801218
0.58904862254808621 0.78539816339744828 1.3744467859455345 1.5707963267948966 3.043417883165112 3.1415926535897931 8 0.70710678117683878
0.68722339297276724 0.78539816339744828 1.3744467859455345 1.5707963267948966 2.9452431127404308 3.043417883165112 8 1.4142135623636785
0.58904862254808621 0.68722339297276724 1.3744467859455345 1.5707963267948966 2.9452431127404308 3.043417883165112 1 0.55083618004491031
0.58904862254808621 0.78539816339744828 1.3744467859455345 1.5707963267948966 2.748893571891069 2.9452431127404308 9 1.3062307880456929
0.58904862254808621 0.78539816339744828 1.1780972450961724 1.3744467859455345 2.748893571891069 3.1415926535897931 1 0.80439420639697579
0.39269908169872414 0.58904862254808621 1.1780972450961724 1.5707963267948966 2.748893571891069 3.1415926535897931 1 0.66293922459697918
0.58904862254808621 0.78539816339744828 1.3744467859455345 1.5707963267948966 2.5525440310417071 2.748893571891069 9 0.55557023301010877
0.58904862254808621 0.78539816339744828 1.3744467859455345 1.5707963267948966 2.3561944901923448 2.5525440310417071 1 0.58274395006157997
0.58904862254808621 0.78539816339744828 1.1780972450961724 1.3744467859455345 2.3561944901923448 2.748893571891069 1 0.88051467388530646
0.39269908169872414 0.58904862254808621 1.1780972450961724 1.5707963267948966 2.3561944901923448 2.748893571891069 1 0.73905969208530986
0.39269908169872414 0.78539816339744828 0.78539816339744828 1.1780972450961724 2.3561944901923448 3.1415926535897931 1 1.1795804270950128
0 0.39269908169872414 0.78539816339744828 1.5707963267948966 2.3561944901923448 3.1415926535897931 1 0.84775906501480791
0 0.78539816339744828 0.78539816339744828 1.5707963267948966 1.5707963267948966 2.3561944901923448 1 0.7071067811774262
0 0.78539816339744828 0.78539816339744828 1.5707963267948966 0.78539816339744828 1.5707963267948966 1 1.4142135623636809
0 0.78539816339744828 0.78539816339744828 1.5707963267948966 0 0.78539816339744828 1 2.1213203435505212
0 0.78539816339744828 0 0.78539816339744828 2.3561944901923448 3.1415926535897931 1 1.8284271247383619
0 0.78539816339744828 0 0.78539816339744828 1.5707963267948966 2.3561944901923448 1 2.1213203435511074
0 0.78539816339744828 0 0.78539816339744828 0.78539816339744828 1.5707963267948966 1 2.8284271247373618
0 0.78539816339744828 0 0.78539816339744828 0 0.78539816339744828 1 3.5355339059242024
